threshold,n_retained,coverage,n_positive,n_test,pos_test,prevalence,pr_auc,roc_auc,brier,log_loss,ece
0.0,1514,1.0,92,1514,92,0.0607661822985469,0.37486348284412363,0.810241240139424,0.048310652506267045,0.18499371950057822,0.01909226648390013
0.05,1514,1.0,92,1514,92,0.0607661822985469,0.37486348284412363,0.810241240139424,0.048310652506267045,0.18499371950057822,0.01909226648390013
0.1,1513,0.9993394980184941,92,1513,92,0.06080634500991408,0.3752773456645737,0.810513110791543,0.0483292517854337,0.18501474934303777,0.01919875240025575
0.15,1509,0.9966974900924703,91,1509,91,0.060304837640821736,0.3738468004670678,0.8089865001007457,0.04797995530350515,0.1841681415809186,0.0185867801371717
0.2,1474,0.9735799207397622,86,1474,86,0.05834464043419267,0.38419071965982166,0.8117250854500369,0.04618645274400161,0.1786526130332208,0.01838843949117419
0.25,1373,0.9068692206076618,75,1373,75,0.05462490895848507,0.40473185154591607,0.8256497175141243,0.04265440089939954,0.1669082896106739,0.021180188001213393
0.3,1225,0.8091149273447821,58,1225,58,0.0473469387755102,0.4602142924913464,0.8338799751795054,0.03574553451001246,0.14546901103878424,0.024239234981810732
0.35,1015,0.6704095112285336,46,1015,46,0.04532019704433497,0.49950377264549506,0.8533001301206982,0.032891631482714796,0.13480692791802865,0.026034193566103342
0.4,831,0.5488771466314399,30,831,30,0.036101083032490974,0.5932460528307242,0.8957136912193092,0.02422731251866996,0.10555382060060248,0.03180423025810785
0.45,636,0.4200792602377807,21,636,21,0.0330188679245283,0.6775923218402499,0.935036778939218,0.01980491082603638,0.08946311483024433,0.034609702175243486
0.5,525,0.3467635402906209,20,525,20,0.0380952380952381,0.736635489813265,0.9692079207920793,0.021266702326180553,0.09036348984811904,0.03607735996640788
0.55,377,0.24900924702774108,13,377,13,0.034482758620689655,0.7333188086364129,0.9693575655114117,0.018441192793630174,0.08147784215832701,0.03497616404408354
0.6,299,0.1974900924702774,12,299,12,0.04013377926421405,0.8906898656898657,0.975609756097561,0.01867306218721912,0.08064901795698749,0.04495941291882153
0.65,227,0.1499339498018494,11,227,11,0.048458149779735685,0.9595404595404595,0.9974747474747475,0.020198694592131302,0.08289559821418133,0.054770859895937704
0.7,162,0.10700132100396301,5,162,5,0.030864197530864196,1.0,0.9999999999999999,0.010190562451702176,0.058300327501806595,0.04948516812182663
0.75,124,0.08190224570673713,5,124,5,0.04032258064516129,1.0,1.0,0.012723821626747385,0.06494841174157177,0.0537445169229533
0.8,110,0.0726552179656539,5,110,5,0.045454545454545456,1.0,1.0,0.014249548062572724,0.0701028280322523,0.057520992984101064
0.85,88,0.05812417437252312,2,88,2,0.022727272727272728,1.0,1.0,0.010756140695369421,0.05941048800949464,0.049036650568973224
0.9,74,0.0488771466314399,0,74,0,0.0,,,0.0016232721958433045,0.036507336180484115,0.03566372497308445
