database_identifier	chemical_formula	smiles	inchi	metabolite_identification	mass_to_charge	retention_time	reliability	database	search_engine_score	uri	search_engine	material
CAS:141-05-9	C8H12O4	CCOC(=O)/C=C\C(=O)OCC	InChI=1S/C8H12O4/c1-3-11-7(9)5-6-8(10)12-4-2/h5-6H,3-4H2,1-2H3/b6-5-	Diethyl maleate	99	11.07	2	PubChem		https://pubchem.ncbi.nlm.nih.gov/compound/5271566	NIST 11 / Wiley 8 library match (SI and RSI > 700)	plastic
CAS:102-76-1	C9H14O6	CC(=O)OCC(COC(C)=O)OC(C)=O	InChI=1S/C9H14O6/c1-6(10)13-4-9(15-8(3)12)5-14-7(2)11/h9H,4-5H2,1-3H3	Triacetin	43	13.81	1	PubChem		https://pubchem.ncbi.nlm.nih.gov/compound/5541	NIST 11 / Wiley 8 library match (SI and RSI > 700)	plastic+paper
CAS:74367-34-3	C12H24O3	CC(C)C(=O)OCC(C)C(O)C(C)(C)C	InChI=1S/C12H24O3/c1-8(2)11(14)15-7-9(3)10(13)12(4,5)6/h8-10,13H,7H2,1-6H3	3-Hydroxy-2,4,4-trimethylpentyl isobutyrate	71	14.34	2	PubChem		https://pubchem.ncbi.nlm.nih.gov/compound/551387	NIST 11 / Wiley 8 library match (SI and RSI > 700)	plastic
CAS:2607-52-5	C15H22O	C=C1C=C(C(C)(C)C)C(=O)C(C(C)(C)C)=C1	InChI=1S/C15H22O/c1-10-8-11(14(2,3)4)13(16)12(9-10)15(5,6)7/h8-9H,1H2,2-7H3	2,6-Di-tert-butyl-4-methylene-2,5-cyclohexadienone	161	15.78	2	PubChem		https://pubchem.ncbi.nlm.nih.gov/compound/107736	NIST 11 / Wiley 8 library match (SI and RSI > 700)	plastic
CAS:128-37-0	C15H24O	Cc1cc(C(C)(C)C)c(O)c(C(C)(C)C)c1	InChI=1S/C15H24O/c1-10-8-11(14(2,3)4)13(16)12(9-10)15(5,6)7/h8-9,16H,1-7H3	Butylated hydroxytoluene	205	16.21	1	PubChem		https://pubchem.ncbi.nlm.nih.gov/compound/31404	NIST 11 / Wiley 8 library match (SI and RSI > 700)	plastic+paper
CAS:84-66-2	C12H14O4	CCOC(=O)c1ccccc1C(=O)OCC	InChI=1S/C12H14O4/c1-3-15-11(13)9-7-5-6-8-10(9)12(14)16-4-2/h5-8H,3-4H2,1-2H3	Diethyl phthalate	149	17.35	1	PubChem		https://pubchem.ncbi.nlm.nih.gov/compound/6781	NIST 11 / Wiley 8 library match (SI and RSI > 700)	plastic+paper
CAS:593-45-3	C18H38	CCCCCCCCCCCCCCCCCC	InChI=1S/C18H38/c1-3-5-7-9-11-13-15-17-18-16-14-12-10-8-6-4-2/h3-18H2,1-2H3	Octadecane	57	19.95	1	PubChem		https://pubchem.ncbi.nlm.nih.gov/compound/11635	NIST 11 / Wiley 8 library match (SI and RSI > 700)	paper
CAS:84-69-5	C16H22O4	CC(C)COC(=O)c1ccccc1C(=O)OCC(C)C	InChI=1S/C16H22O4/c1-11(2)9-19-15(17)13-7-5-6-8-14(13)16(18)20-10-12(3)4/h5-8,11-12H,9-10H2,1-4H3	Diisobutyl phthalate	149	20.67	1	PubChem		https://pubchem.ncbi.nlm.nih.gov/compound/6782	NIST 11 / Wiley 8 library match (SI and RSI > 700)	plastic+paper
CAS:629-92-5	C19H40	CCCCCCCCCCCCCCCCCCC	InChI=1S/C19H40/c1-3-5-7-9-11-13-15-17-19-18-16-14-12-10-8-6-4-2/h3-19H2,1-2H3	Nonadecane	57	21.11	1	PubChem		https://pubchem.ncbi.nlm.nih.gov/compound/12401	NIST 11 / Wiley 8 library match (SI and RSI > 700)	paper
CAS:82304-66-3	C17H24O3	CC(C)(C)C1=CC2(C=C(C(C)(C)C)C1=O)CCC(=O)O2	InChI=1S/C17H24O3/c1-15(2,3)11-9-17(8-7-13(18)20-17)10-12(14(11)19)16(4,5)6/h9-10H,7-8H2,1-6H3	7,9-Di-tert-butyl-1-oxaspiro[4.5]deca-6,9-diene-2,8-dione	57	21.19	2	PubChem		https://pubchem.ncbi.nlm.nih.gov/compound/545303	NIST 11 / Wiley 8 library match (SI and RSI > 700)	plastic+paper
CAS:57-10-3	C16H32O2	CCCCCCCCCCCCCCCC(=O)O	InChI=1S/C16H32O2/c1-2-3-4-5-6-7-8-9-10-11-12-13-14-15-16(17)18/h2-15H2,1H3,(H,17,18)	Palmitic acid	73	21.8	2	PubChem		https://pubchem.ncbi.nlm.nih.gov/compound/985	NIST 11 / Wiley 8 library match (SI and RSI > 700)	paper
CAS:112-95-8	C20H42	CCCCCCCCCCCCCCCCCCCC	InChI=1S/C20H42/c1-3-5-7-9-11-13-15-17-19-20-18-16-14-12-10-8-6-4-2/h3-20H2,1-2H3	Eicosane	57	22.2	1	PubChem		https://pubchem.ncbi.nlm.nih.gov/compound/8222	NIST 11 / Wiley 8 library match (SI and RSI > 700)	paper
CAS:629-94-7	C21H44	CCCCCCCCCCCCCCCCCCCCC	InChI=1S/C21H44/c1-3-5-7-9-11-13-15-17-19-21-20-18-16-14-12-10-8-6-4-2/h3-21H2,1-2H3	Heneicosane	57	23.26	1	PubChem		https://pubchem.ncbi.nlm.nih.gov/compound/12403	NIST 11 / Wiley 8 library match (SI and RSI > 700)	plastic+paper
CAS:112-80-1	C18H34O2	CCCCCCCC/C=C\CCCCCCCC(=O)O	InChI=1S/C18H34O2/c1-2-3-4-5-6-7-8-9-10-11-12-13-14-15-16-17-18(19)20/h9-10H,2-8,11-17H2,1H3,(H,19,20)/b10-9-	Oleic acid	55	23.66	2	PubChem		https://pubchem.ncbi.nlm.nih.gov/compound/445639	NIST 11 / Wiley 8 library match (SI and RSI > 700)	paper
CAS:7568-58-3	C18H30O6	CCCCOC(=O)/C=C(/CC(=O)OCCCC)C(=O)OCCCC	InChI=1S/C18H30O6/c1-4-7-10-22-16(19)13-15(18(21)24-12-9-6-3)14-17(20)23-11-8-5-2/h13H,4-12,14H2,1-3H3/b15-13-	Tributyl aconitate	112	23.82	2	PubChem		https://pubchem.ncbi.nlm.nih.gov/compound/5370335	NIST 11 / Wiley 8 library match (SI and RSI > 700)	plastic+paper
CAS:57-11-4	C18H36O2	CCCCCCCCCCCCCCCCCC(=O)O	InChI=1S/C18H36O2/c1-2-3-4-5-6-7-8-9-10-11-12-13-14-15-16-17-18(19)20/h2-17H2,1H3,(H,19,20)	Stearic acid	43	23.88	2	PubChem		https://pubchem.ncbi.nlm.nih.gov/compound/5281	NIST 11 / Wiley 8 library match (SI and RSI > 700)	paper
CAS:629-97-0	C22H46	CCCCCCCCCCCCCCCCCCCCCC	InChI=1S/C22H46/c1-3-5-7-9-11-13-15-17-19-21-22-20-18-16-14-12-10-8-6-4-2/h3-22H2,1-2H3	Docosane	57	24.26	1	PubChem		https://pubchem.ncbi.nlm.nih.gov/compound/12405	NIST 11 / Wiley 8 library match (SI and RSI > 700)	plastic+paper
CAS:77-90-7	C20H34O8	CCCCOC(=O)CC(CC(=O)OCCCC)(OC(C)=O)C(=O)OCCCC	InChI=1S/C20H34O8/c1-5-8-11-25-17(22)14-20(28-16(4)21,19(24)27-13-10-7-3)15-18(23)26-12-9-6-2/h5-15H2,1-4H3	Acetyl tributyl citrate	185	24.71	1	PubChem		https://pubchem.ncbi.nlm.nih.gov/compound/6505	NIST 11 / Wiley 8 library match (SI and RSI > 700)	plastic+paper
CAS:638-67-5	C23H48	CCCCCCCCCCCCCCCCCCCCCCC	InChI=1S/C23H48/c1-3-5-7-9-11-13-15-17-19-21-23-22-20-18-16-14-12-10-8-6-4-2/h3-23H2,1-2H3	Tricosane	57	25.22	1	PubChem		https://pubchem.ncbi.nlm.nih.gov/compound/12534	NIST 11 / Wiley 8 library match (SI and RSI > 700)	plastic+paper
CAS:85-68-7	C19H20O4	CCCCOC(=O)c1ccccc1C(=O)OCc1ccccc1	InChI=1S/C19H20O4/c1-2-3-13-22-18(20)16-11-7-8-12-17(16)19(21)23-14-15-9-5-4-6-10-15/h4-12H,2-3,13-14H2,1H3	Benzyl butyl phthalate	91	25.69	1	PubChem		https://pubchem.ncbi.nlm.nih.gov/compound/2347	NIST 11 / Wiley 8 library match (SI and RSI > 700)	paper
CAS:103-23-1	C22H42O4	CCCCC(CC)COC(=O)CCCCC(=O)OCC(CC)CCCC	InChI=1S/C22H42O4/c1-5-9-13-19(7-3)17-25-21(23)15-11-12-16-22(24)26-18-20(8-4)14-10-6-2/h19-20H,5-18H2,1-4H3	Bis(2-ethylhexyl) adipate	129	26.06	1	PubChem		https://pubchem.ncbi.nlm.nih.gov/compound/7641	NIST 11 / Wiley 8 library match (SI and RSI > 700)	plastic+paper
CAS:646-31-1	C24H50	CCCCCCCCCCCCCCCCCCCCCCCC	InChI=1S/C24H50/c1-3-5-7-9-11-13-15-17-19-21-23-24-22-20-18-16-14-12-10-8-6-4-2/h3-24H2,1-2H3	Tetracosane	57	26.15	1	PubChem		https://pubchem.ncbi.nlm.nih.gov/compound/12592	NIST 11 / Wiley 8 library match (SI and RSI > 700)	plastic+paper
CAS:629-99-2	C25H52	CCCCCCCCCCCCCCCCCCCCCCCCC	InChI=1S/C25H52/c1-3-5-7-9-11-13-15-17-19-21-23-25-24-22-20-18-16-14-12-10-8-6-4-2/h3-25H2,1-2H3	Pentacosane	57	27.04	1	PubChem		https://pubchem.ncbi.nlm.nih.gov/compound/12406	NIST 11 / Wiley 8 library match (SI and RSI > 700)	plastic+paper
CAS:117-81-7	C24H38O4	CCCCC(CC)COC(=O)c1ccccc1C(=O)OCC(CC)CCCC	InChI=1S/C24H38O4/c1-5-9-13-19(7-3)17-27-23(25)21-15-11-12-16-22(21)24(26)28-18-20(8-4)14-10-6-2/h11-12,15-16,19-20H,5-10,13-14,17-18H2,1-4H3	Bis(2-ethylhexyl) phthalate	149	27.32	1	PubChem		https://pubchem.ncbi.nlm.nih.gov/compound/8343	NIST 11 / Wiley 8 library match (SI and RSI > 700)	plastic+paper
CAS:630-01-3	C26H54	CCCCCCCCCCCCCCCCCCCCCCCCCC	InChI=1S/C26H54/c1-3-5-7-9-11-13-15-17-19-21-23-25-26-24-22-20-18-16-14-12-10-8-6-4-2/h3-26H2,1-2H3	Hexacosane	57	27.9	1	PubChem		https://pubchem.ncbi.nlm.nih.gov/compound/12407	NIST 11 / Wiley 8 library match (SI and RSI > 700)	plastic+paper
CAS:593-49-7	C27H56	CCCCCCCCCCCCCCCCCCCCCCCCCCC	InChI=1S/C27H56/c1-3-5-7-9-11-13-15-17-19-21-23-25-27-26-24-22-20-18-16-14-12-10-8-6-4-2/h3-27H2,1-2H3	Heptacosane	57	28.73	1	PubChem		https://pubchem.ncbi.nlm.nih.gov/compound/11636	NIST 11 / Wiley 8 library match (SI and RSI > 700)	plastic+paper
CAS:75163-98-3	C22H46	CCCCCCCCCCCCCCCCC(C)CC(C)C	InChI=1S/C22H46/c1-5-6-7-8-9-10-11-12-13-14-15-16-17-18-19-22(4)20-21(2)3/h21-22H,5-20H2,1-4H3	2,4-Dimethylicosane	85	29.12	2	PubChem		https://pubchem.ncbi.nlm.nih.gov/compound/558952	NIST 11 / Wiley 8 library match (SI and RSI > 700)	paper
CAS:630-02-4	C28H58	CCCCCCCCCCCCCCCCCCCCCCCCCCCC	InChI=1S/C28H58/c1-3-5-7-9-11-13-15-17-19-21-23-25-27-28-26-24-22-20-18-16-14-12-10-8-6-4-2/h3-28H2,1-2H3	Octacosane	57	29.53	1	PubChem		https://pubchem.ncbi.nlm.nih.gov/compound/12408	NIST 11 / Wiley 8 library match (SI and RSI > 700)	plastic
CAS:19781-73-8	C23H46	CCCCCCCCCCCCCCCCCC1CCCCC1	InChI=1S/C23H46/c1-2-3-4-5-6-7-8-9-10-11-12-13-14-15-17-20-23-21-18-16-19-22-23/h23H,2-22H2,1H3	Heptadecylcyclohexane	57	29.57	2	PubChem		https://pubchem.ncbi.nlm.nih.gov/compound/29777	NIST 11 / Wiley 8 library match (SI and RSI > 700)	paper
CAS:111-02-4	C30H50	CC(C)=CCC/C(C)=C/CC/C(C)=C/CC/C=C(\C)CC/C=C(\C)CCC=C(C)C	InChI=1S/C30H50/c1-25(2)15-11-19-29(7)23-13-21-27(5)17-9-10-18-28(6)22-14-24-30(8)20-12-16-26(3)4/h15-18,23-24H,9-14,19-22H2,1-8H3/b27-17+,28-18+,29-23+,30-24+	Squalene	69	29.64	1	PubChem		https://pubchem.ncbi.nlm.nih.gov/compound/638072	NIST 11 / Wiley 8 library match (SI and RSI > 700)	plastic+paper
CAS:630-03-5	C29H60	CCCCCCCCCCCCCCCCCCCCCCCCCCCCC	InChI=1S/C29H60/c1-3-5-7-9-11-13-15-17-19-21-23-25-27-29-28-26-24-22-20-18-16-14-12-10-8-6-4-2/h3-29H2,1-2H3	Nonacosane	57	30.3	1	PubChem		https://pubchem.ncbi.nlm.nih.gov/compound/12409	NIST 11 / Wiley 8 library match (SI and RSI > 700)	plastic
CAS:538-23-8	C27H50O6	CCCCCCCC(=O)OCC(COC(=O)CCCCCCC)OC(=O)CCCCCCC	InChI=1S/C27H50O6/c1-4-7-10-13-16-19-25(28)31-22-24(33-27(30)21-18-15-12-9-6-3)23-32-26(29)20-17-14-11-8-5-2/h24H,4-23H2,1-3H3	Glycerol tricaprylate	127	30.57	1	PubChem		https://pubchem.ncbi.nlm.nih.gov/compound/10850	NIST 11 / Wiley 8 library match (SI and RSI > 700)	plastic+paper
CAS:17598-94-6	C27H52O5	CCCCCCCCCCCC(=O)OCC(CO)OC(=O)CCCCCCCCCCC	InChI=1S/C27H52O5/c1-3-5-7-9-11-13-15-17-19-21-26(29)31-24-25(23-28)32-27(30)22-20-18-16-14-12-10-8-6-4-2/h25,28H,3-24H2,1-2H3	1,2-Didodecanoylglycerol	183	32.36	2	PubChem		https://pubchem.ncbi.nlm.nih.gov/compound/33979	NIST 11 / Wiley 8 library match (SI and RSI > 700)	paper
