database_identifier	chemical_formula	smiles	inchi	metabolite_identification	mass_to_charge	fragmentation	modifications	charge	retention_time	taxid	species	database	database_version	reliability	uri	search_engine	search_engine_score	smallmolecule_abundance_sub	smallmolecule_abundance_stdev_sub	smallmolecule_abundance_std_error_sub	ECA-C6	ECA-C5	ECA-C2	ECA-C1	ECA-C4	ECA-C3	ECA-R2	ECA-R3	ECA-R1	ECA-E10-2	ECA-R6	ECA-E10-1	ECA-R4	ECA-R5	ECA-E10-3	ECA-E10-4	ECA-E10-5	ECA-E10-6
CHEBI:1148	C4H8O3	CCC(O)C(O)=O	InChI=1S/C4H8O3/c1-2-3(5)4(6)7/h3,5H,2H2,1H3,(H,6,7)	2-hydroxybutanoic acid	131				6.37	NCBITAXON:http://purl.bioontology.org/ontology/NCBITAXON/10116	Rattus norvegicus										15473	167258	191481	408672	1032006	396994	163190	7855	0	3199	85607	164965	0	65464	121713	71427	0	0
CHEBI:16540	C5H5NO	Oc1ccccn1	InChI=1S/C5H5NO/c7-5-3-1-2-4-6-5/h1-4H,(H,6,7)	2-hydroxypyridine	152				5.6	NCBITAXON:http://purl.bioontology.org/ontology/NCBITAXON/10116	Rattus norvegicus										419981	563671	462773	590237	1700	560972	375086	244758	300540	698976	448926	469415	445100	682120	222848	358886	564055	291083
CHEBI:30831	C4H6O3	CCC(=O)C(O)=O	InChI=1S/C4H6O3/c1-2-3(5)4(6)7/h2H2,1H3,(H,6,7)	2-ketobutyric acid	202				8.41	NCBITAXON:http://purl.bioontology.org/ontology/NCBITAXON/10116	Rattus norvegicus										11597	33175	44907	63715	261974	96337	55312	17559	3964	3901	32088	37954	1370	24277	53761	28125	3435	2808
CHEBI:74112	C5H11NO3	CCC(O)C(N)C(O)=O	InChI=1S/C5H11NO3/c1-2-3(7)4(6)5(8)9/h3-4,7H,2,6H2,1H3,(H,8,9)	3-hydroxynorvaline	131				8.39	NCBITAXON:http://purl.bioontology.org/ontology/NCBITAXON/10116	Rattus norvegicus										861360	2652348	3366404	4908425	9504981	7292604	4631248	1237238	304514	257464	2266972	2774180	126388	1852718	4043352	2204831	223358	34032
CHEBI:15887	C5H11NO2	NCCCCC(O)=O	InChI=1S/C5H11NO2/c6-4-2-1-3-5(7)8/h1-4,6H2,(H,7,8)	5-aminovaleric acid	174				14.06	NCBITAXON:http://purl.bioontology.org/ontology/NCBITAXON/10116	Rattus norvegicus										44421	158283	195409	176281	2592	244130	120525	150297	124576	39934	197766	119275	30561	225169	97897	230640	102782	101954
CHEBI:28281	C11H11NO3	O(C)C1=CC2=C(NC=C2CC(O)=O)C=C1	InChI=1S/C11H11NO3/c1-15-8-2-3-10-9(5-8)7(6-12-10)4-11(13)14/h2-3,5-6,12H,4H2,1H3,(H,13,14)	5-methoxyindole-3-acetic acid	232				15.66	NCBITAXON:http://purl.bioontology.org/ontology/NCBITAXON/10116	Rattus norvegicus										226034	306207	138915	42934	14467	105112	273576	210522	353684	504097	319321	420446	286236	352800	410821	429081	311123	460649
CHEBI:16866	C14H8O4	Oc1ccc2C(=O)c3ccccc3C(=O)c2c1O	InChI=1S/C14H8O4/c15-10-6-5-9-11(14(10)18)13(17)8-4-2-1-3-7(8)12(9)16/h1-6,15,18H	alizarin	369				38.24	NCBITAXON:http://purl.bioontology.org/ontology/NCBITAXON/10116	Rattus norvegicus										125823	107951	102872	156620	72448	126984	111119	98052	48760	183117	123891	95937	114467	129042	112254	134053	153389	113712
CHEBI:20067	C4H8O3	CC(O)CC(O)=O	InChI=1S/C4H8O3/c1-3(5)2-4(6)7/h3,5H,2H2,1H3,(H,6,7)	beta-hydroxybutyric acid	147				8.77	NCBITAXON:http://purl.bioontology.org/ontology/NCBITAXON/10116	Rattus norvegicus										260494	267881	252268	564836	448211	362941	249802	285301	398044	311890	390023	314384	394624	506364	321701	330950	352433	429384
CHEBI:141585	C9H16O9	[C@H]1(O)[C@@H](O)[C@H](O)[C@@H](CO)O[C@H]1O[C@@H](C(O)=O)CO	InChI=1S/C9H16O9/c10-1-3-5(12)6(13)7(14)9(17-3)18-4(2-11)8(15)16/h3-7,9-14H,1-2H2,(H,15,16)/t3-,4-,5-,6+,7+,9+/m1/s1	beta-mannosylglycerate	451				46.15	NCBITAXON:http://purl.bioontology.org/ontology/NCBITAXON/10116	Rattus norvegicus										10426	8817	6523	335028	5396	10110	1564	7200	8146	5067	8670	18371	3071	8357	5792	3795	2784	5336
CHEBI:17126	C7H15NO3	C[N+](C)(C)CC(O)CC([O-])=O	InChI=1S/C7H15NO3/c1-8(2,3)5-6(9)4-7(10)11/h6,9H,4-5H2,1-3H3	carnitine	117				9.98	NCBITAXON:http://purl.bioontology.org/ontology/NCBITAXON/10116	Rattus norvegicus										1031	2583	2146	22860	167423	5629	5922	3156	1200	2379	4309	4588	907	5506	7411	5322	2288	4302
CHEBI:16113	C27H46O	C1[C@@]2([C@]3(CC[C@]4([C@]([C@@]3(CC=C2C[C@H](C1)O)[H])(CC[C@@]4([C@H](C)CCCC(C)C)[H])[H])C)[H])C	InChI=1S/C27H46O/c1-18(2)7-6-8-19(3)23-11-12-24-22-10-9-20-17-21(28)13-15-26(20,4)25(22)14-16-27(23,24)5/h9,18-19,21-25,28H,6-8,10-17H2,1-5H3/t19-,21+,22+,23-,24+,25+,26+,27-/m1/s1	cholesterol	129				38.25	NCBITAXON:http://purl.bioontology.org/ontology/NCBITAXON/10116	Rattus norvegicus										2037121	2131398	1643469	2682302	1360406	2213935	1960347	1583476	2094742	2919681	1903562	2596107	1853408	2088401	2117664	2178674	2430405	1777778
CHEBI:16919	C4H9N3O2	CN(CC(O)=O)C(N)=N	InChI=1S/C4H9N3O2/c1-7(4(5)6)2-3(8)9/h2H2,1H3,(H3,5,6)(H,8,9)	creatine	147				7.37	NCBITAXON:http://purl.bioontology.org/ontology/NCBITAXON/10116	Rattus norvegicus										455246	1053276	1321643	1103452	3428562	1694948	1172241	741881	947077	741458	222968	949531	600698	204851	1444957	257603	588205	970468
CHEBI:4047	C5H10N2O3S	N[C@@H](CS)C(=O)NCC(O)=O	InChI=1S/C5H10N2O3S/c6-3(2-11)5(10)7-1-4(8)9/h3,11H,1-2,6H2,(H,7,10)(H,8,9)/t3-/m0/s1	cysteine-glycine	220				23.82	NCBITAXON:http://purl.bioontology.org/ontology/NCBITAXON/10116	Rattus norvegicus										33898	84663	249051	143567	18208	278622	111700	33754	30908	28356	72288	68894	29037	398722	81511	237545	34543	31140
CHEBI:16576	C6H12N2O3	C[C@@H](N)C(=O)N[C@H](C)C(O)=O	InChI=1S/C6H12N2O3/c1-3(7)5(9)8-4(2)6(10)11/h3-4H,7H2,1-2H3,(H,8,9)(H,10,11)/t3-,4-/m1/s1	D-alanine-D-alanine	188				16.81	NCBITAXON:http://purl.bioontology.org/ontology/NCBITAXON/10116	Rattus norvegicus										139154	287753	142903	481159	58	374752	177614	15057	6406	153582	142807	398338	29375	49550	38287	30490	213472	26104
CHEBI:46964	C18H37NO2	[H]C(CCCCCCCCCCCCC)=C([H])C(O)C(N)CO	InChI=1S/C18H37NO2/c1-2-3-4-5-6-7-8-9-10-11-12-13-14-15-18(21)17(19)16-20/h14-15,17-18,20-21H,2-13,16,19H2,1H3	D-erythro-sphingosine	204				23.82	NCBITAXON:http://purl.bioontology.org/ontology/NCBITAXON/10116	Rattus norvegicus										413517	1106919	917972	1957966	91089	3599099	1373993	409586	322405	322783	252579	879474	390620	1360982	1039337	807656	415976	296725
CHEBI:16566	C18H39NO2	CCCCCCCCCCCCCCC[C@@H](O)[C@@H](N)CO	InChI=1S/C18H39NO2/c1-2-3-4-5-6-7-8-9-10-11-12-13-14-15-18(21)17(19)16-20/h17-18,20-21H,2-16,19H2,1H3/t17-,18+/m0/s1	DL-dihydrosphingosine	132				10.89	NCBITAXON:http://purl.bioontology.org/ontology/NCBITAXON/10116	Rattus norvegicus										4138	18447	8694	579308	1750	138675	38636	2656	3197	4140	6373	42386	2082	6560	19059	4449	2253	2302
CHEBI:18012	C4H4O4	OC(=O)\C=C\C(O)=O	InChI=1S/C4H4O4/c5-3(6)1-2-4(7)8/h1-2H,(H,5,6)(H,7,8)/b2-1+	fumaric acid	245				12.58	NCBITAXON:http://purl.bioontology.org/ontology/NCBITAXON/10116	Rattus norvegicus										98361	107162	36875	178784	47004	120549	45571	89836	44966	133334	138774	127312	101792	133967	143283	153345	96801	146157
CHEBI:17234	C6H12O6			glucose	322				21.3	NCBITAXON:http://purl.bioontology.org/ontology/NCBITAXON/10116	Rattus norvegicus										368538	520570	360198	253521	130126	309521	20656	57527	92094	245712	613269	777041	681025	478278	255544	562734	199967	266702
CHEBI:16077	C6H13O9P	OC[C@H]1OC(OP(O)(O)=O)[C@H](O)[C@@H](O)[C@@H]1O	InChI=1S/C6H13O9P/c7-1-2-3(8)4(9)5(10)6(14-2)15-16(11,12)13/h2-10H,1H2,(H2,11,12,13)/t2-,3-,4+,5-,6?/m1/s1	glucose-1-phosphate	361				46.11	NCBITAXON:http://purl.bioontology.org/ontology/NCBITAXON/10116	Rattus norvegicus										1160	248524	136505	566003	30264	2350069	128837	128655	86282	554715	356470	983777	20653	271295	82303	2909698	406651	260111
CHEBI:18237	C5H9NO4	NC(CCC(O)=O)C(O)=O	InChI=1S/C5H9NO4/c6-3(5(9)10)1-2-4(7)8/h3H,1-2,6H2,(H,7,8)(H,9,10)	glutamate	246				17.14	NCBITAXON:http://purl.bioontology.org/ontology/NCBITAXON/10116	Rattus norvegicus										657543	823465	359663	122924	377	314360	599959	461994	588527	574282	850760	515428	547409	1000594	729199	898305	829299	807975
CHEBI:17754	C3H8O3	OCC(O)CO	InChI=1S/C3H8O3/c4-1-3(6)2-5/h3-6H,1-2H2	glycerol	147				11.35	NCBITAXON:http://purl.bioontology.org/ontology/NCBITAXON/10116	Rattus norvegicus										2326843	2584347	3319961	2802126	2932244	4372474	2024581	923884	1625170	2514346	1532115	2365683	2047060	2719521	1397802	3660993	1571562	2416834
CHEBI:15428	C2H5NO2	NCC(O)=O	InChI=1S/C2H5NO2/c3-1-2(4)5/h1,3H2,(H,4,5)	glycine	174				11.88	NCBITAXON:http://purl.bioontology.org/ontology/NCBITAXON/10116	Rattus norvegicus										2585655	3188913	2503265	3630250	999	3083043	3322726	1955623	1858221	4205017	3097674	6422840	1482998	2859817	2726040	2778987	3797442	3152048
CHEBI:16344	C3H7N3O2	C(CNC(=N)N)(O)=O	InChI=1S/C3H7N3O2/c4-3(5)6-1-2(7)8/h1H2,(H,7,8)(H4,4,5,6)	glycocyamine	172				10.43	NCBITAXON:http://purl.bioontology.org/ontology/NCBITAXON/10116	Rattus norvegicus										108912	115800	159084	401905	1064	160277	120544	109688	119559	137745	90708	164324	108351	129549	112633	150227	122024	106222
CHEBI:18089	C9H9NO3	OC(=O)CNC(=O)c1ccccc1	InChI=1S/C9H9NO3/c11-8(12)6-10-9(13)7-4-2-1-3-5-7/h1-5H,6H2,(H,10,13)(H,11,12)	hippuric acid	206				20.02	NCBITAXON:http://purl.bioontology.org/ontology/NCBITAXON/10116	Rattus norvegicus										18853	41197	19732	121531	3273	36125	6828	12900	11123	15267	24692	3471	12459	30961	4602	29437	35242	19983
CHEBI:17368	C5H4N4O	O=c1[nH]cnc2nc[nH]c12	InChI=1S/C5H4N4O/c10-5-3-4(7-1-6-3)8-2-9-5/h1-2H,(H2,6,7,8,9,10)	hypoxanthine	265				19.67	NCBITAXON:http://purl.bioontology.org/ontology/NCBITAXON/10116	Rattus norvegicus										311142	108082	203113	36676	313	296411	200892	177021	211804	200137	410067	186056	294230	346702	277352	347547	184485	360562
CHEBI:24786	C4H7NO4	OC(=O)CNCC(O)=O	InChI=1S/C4H7NO4/c6-3(7)1-5-2-4(8)9/h5H,1-2H2,(H,6,7)(H,8,9)	iminodiacetic acid	232				14.89	NCBITAXON:http://purl.bioontology.org/ontology/NCBITAXON/10116	Rattus norvegicus										15036	136446	96457	218517	891	280262	179361	30486	9096	24887	151452	109150	13212	216786	232426	286285	25116	33610
CHEBI:17596	C10H12N4O5	OC[C@H]1O[C@H]([C@H](O)[C@@H]1O)n1cnc2c(O)ncnc12	InChI=1S/C10H12N4O5/c15-1-4-6(16)7(17)10(19-4)14-3-13-5-8(14)11-2-12-9(5)18/h2-4,6-7,10,15-17H,1H2,(H,11,12,18)/t4-,6-,7-,10-/m1/s1	inosine	217				32.83	NCBITAXON:http://purl.bioontology.org/ontology/NCBITAXON/10116	Rattus norvegicus										1016560	315905	429667	29540	1420	51457	181156	407213	534108	1227448	673079	665358	790281	690237	802026	1006264	801589	856856
CHEBI:24898	C6H13NO2			isoleucine	158				11.65	NCBITAXON:http://purl.bioontology.org/ontology/NCBITAXON/10116	Rattus norvegicus										457837	519840	516971	168795	1344	133138	392066	257014	353251	903370	373054	960844	414678	371872	407872	505332	606839	465320
CHEBI:78320	C3H6O3	CC(O)C(O)=O	InChI=1S/C3H6O3/c1-2(4)3(5)6/h2,4H,1H3,(H,5,6)	lactic acid	147				6.31	NCBITAXON:http://purl.bioontology.org/ontology/NCBITAXON/10116	Rattus norvegicus										12600000	14100000	16000000	21500000	18500000	24200000	10600000	14000000	15500000	18500000	15400000	15800000	15900000	16900000	12600000	18400000	14200000	13300000
CHEBI:28718	C4H9NO3	C[C@H](O)[C@H](N)C(O)=O	InChI=1S/C4H9NO3/c1-2(6)3(5)4(7)8/h2-3,6H,5H2,1H3,(H,7,8)/t2-,3-/m0/s1	L-allothreonine	73				11.66	NCBITAXON:http://purl.bioontology.org/ontology/NCBITAXON/10116	Rattus norvegicus										227983	105036	226121	457692	1752	108930	74587	162041	200144	464215	180976	183203	219761	188024	69809	251308	130454	272369
CHEBI:17561	C3H7NO2S	N[C@@H](CS)C(O)=O	InChI=1S/C3H7NO2S/c4-2(1-7)3(5)6/h2,7H,1,4H2,(H,5,6)/t2-/m0/s1	L-cysteine	220				16.18	NCBITAXON:http://purl.bioontology.org/ontology/NCBITAXON/10116	Rattus norvegicus										45667	106219	56281	7089	961	110916	99029	40137	120062	159789	116420	158398	48912	99684	96046	117766	122555	165053
CHEBI:15765	C9H11NO4	N[C@@H](Cc1ccc(O)c(O)c1)C(O)=O	InChI=1S/C9H11NO4/c10-6(9(13)14)3-5-1-2-7(11)8(12)4-5/h1-2,4,6,11-12H,3,10H2,(H,13,14)/t6-/m0/s1	L-DOPA	218				21.67	NCBITAXON:http://purl.bioontology.org/ontology/NCBITAXON/10116	Rattus norvegicus										163981	292730	357224	579410	191101	452397	215753	184586	271149	432552	188657	521473	250952	309864	105943	235156	261926	257951
CHEBI:25094	C6H14N2O2	NCCCCC(N)C(O)=O	InChI=1S/C6H14N2O2/c7-4-2-1-3-5(8)6(9)10/h5H,1-4,7-8H2,(H,9,10)	lysine	174				21.39	NCBITAXON:http://purl.bioontology.org/ontology/NCBITAXON/10116	Rattus norvegicus										313901	489759	324819	309307	29229	411996	462195	257960	389832	885951	507405	1134286	281796	585261	346013	471656	616834	526443
CHEBI:25097	C5H10O5			lyxose	73				20.91	NCBITAXON:http://purl.bioontology.org/ontology/NCBITAXON/10116	Rattus norvegicus										41646	46762	24693	167862	44180	53006	19026	15776	16258	47889	34224	37007	29033	37120	25034	37368	43895	24995
CHEBI:6650	C4H6O5	OC(CC(O)=O)C(O)=O	InChI=1S/C4H6O5/c5-2(4(8)9)1-3(6)7/h2,5H,1H2,(H,6,7)(H,8,9)	malic acid	73				15.16	NCBITAXON:http://purl.bioontology.org/ontology/NCBITAXON/10116	Rattus norvegicus										354102	433513	253832	875512	336616	574041	341315	314564	369257	499658	593363	612359	363375	613399	626935	609014	342200	546780
CHEBI:30794	C3H4O4	OC(=O)CC(O)=O	InChI=1S/C3H4O4/c4-2(5)1-3(6)7/h1H2,(H,4,5)(H,6,7)	malonic acid	147				14.85	NCBITAXON:http://purl.bioontology.org/ontology/NCBITAXON/10116	Rattus norvegicus										178024	47962	25929	60417	5826	84436	51248	56444	265967	496702	42771	32298	458392	60892	69413	93368	404972	275414
CHEBI:27931	C18H32O16	OC[C@H]1O[C@H](O[C@H]2[C@H](O)[C@@H](O)[C@@H](O[C@H]3[C@H](O)[C@@H](O)[C@@H](O)O[C@@H]3CO)O[C@@H]2CO)[C@H](O)[C@@H](O)[C@@H]1O	InChI=1S/C18H32O16/c19-1-4-7(22)8(23)12(27)17(31-4)34-15-6(3-21)32-18(13(28)10(15)25)33-14-5(2-20)30-16(29)11(26)9(14)24/h4-29H,1-3H2/t4-,5-,6-,7-,8+,9-,10-,11-,12-,13-,14-,15-,16+,17-,18-/m1/s1	maltotriose	204				46.13	NCBITAXON:http://purl.bioontology.org/ontology/NCBITAXON/10116	Rattus norvegicus										4661720	4460938	2690267	18900000	2126147	3809747	192793	177955	1291991	589692	433360	15300000	150624	352464	409685	308230	414109	227359
CHEBI:29864	C6H14O6			mannitol	73				21.98	NCBITAXON:http://purl.bioontology.org/ontology/NCBITAXON/10116	Rattus norvegicus										264140	35337	60397	108020	190948	227849	33807	26440	31322	177676	33	303657	144776	179619	39508	148019	95182	63241
CHEBI:16811	C5H11NO2S	CSCCC(N)C(O)=O	InChI=1S/C5H11NO2S/c1-9-3-2-4(6)5(7)8/h4H,2-3,6H2,1H3,(H,7,8)	methionine	176				15.57	NCBITAXON:http://purl.bioontology.org/ontology/NCBITAXON/10116	Rattus norvegicus										115005	136163	100491	14951	484	35574	44993	34432	43031	252091	117660	286442	47650	98557	97920	133334	196166	152605
CHEBI:28875	C14H28O2	CCCCCCCCCCCCCC(O)=O	InChI=1S/C14H28O2/c1-2-3-4-5-6-7-8-9-10-11-12-13-14(15)16/h2-13H2,1H3,(H,15,16)	myristic acid	117				20.09	NCBITAXON:http://purl.bioontology.org/ontology/NCBITAXON/10116	Rattus norvegicus										152156	218102	244308	185631	167160	184675	179855	222889	64985	115502	124361	125943	180969	58059	144913	177090	169084	105363
CHEBI:17154	C6H6N2O	NC(=O)c1cccnc1	InChI=1S/C6H6N2O/c7-6(9)5-2-1-3-8-4-5/h1-4H,(H2,7,9)	nicotinamide	179				14.79	NCBITAXON:http://purl.bioontology.org/ontology/NCBITAXON/10116	Rattus norvegicus										509479	683415	556962	985782	27934	890010	508718	379657	407179	668047	690035	866058	332777	642029	618021	773961	647201	438116
CHEBI:33569	C8H11NO3	NCC(O)c1ccc(O)c(O)c1	InChI=1S/C8H11NO3/c9-4-8(12)5-1-2-6(10)7(11)3-5/h1-3,8,10-12H,4,9H2	noradrenaline	174				11.09	NCBITAXON:http://purl.bioontology.org/ontology/NCBITAXON/10116	Rattus norvegicus										426794	510624	485005	455188	404	351514	438861	300134	435071	475270	533157	1110413	347653	525892	309048	325997	643514	516678
CHEBI:36405	C6H13NO2	CCCCC(N)C(O)=O	InChI=1S/C6H13NO2/c1-2-3-4-5(7)6(8)9/h5H,2-4,7H2,1H3,(H,8,9)	norleucine	158				11.23	NCBITAXON:http://purl.bioontology.org/ontology/NCBITAXON/10116	Rattus norvegicus										1197845	1196204	1224425	260118	1003	181914	701774	679339	868952	2387966	905042	2167883	1010235	937721	924492	1320029	1759796	1250752
CHEBI:18257	C5H12N2O2	NCCCC(N)C(O)=O	InChI=1S/C5H12N2O2/c6-3-1-2-4(7)5(8)9/h4H,1-3,6-7H2,(H,8,9)	ornithine	142				19.92	NCBITAXON:http://purl.bioontology.org/ontology/NCBITAXON/10116	Rattus norvegicus										286549	334669	240190	179027	585	335845	311241	173194	266016	623209	305412	758060	249281	278034	295332	414758	381754	405488
CHEBI:25801	C5H7NO3			oxoproline	156				15.61	NCBITAXON:http://purl.bioontology.org/ontology/NCBITAXON/10116	Rattus norvegicus										4054540	8739712	5690598	16500000	5320829	10500000	5838341	3792740	5293574	10800000	9041244	9140050	5495426	10500000	5479339	9241474	9059941	5574233
CHEBI:15756	C16H32O2	CCCCCCCCCCCCCCCC(O)=O	InChI=1S/C16H32O2/c1-2-3-4-5-6-7-8-9-10-11-12-13-14-15-16(17)18/h2-15H2,1H3,(H,17,18)	palmitic acid	117				23.35	NCBITAXON:http://purl.bioontology.org/ontology/NCBITAXON/10116	Rattus norvegicus										592696	626844	428861	691026	598802	587858	412190	419772	281726	591726	422237	680945	439408	383923	451262	480469	563768	402474
CHEBI:28044	C9H11NO2	NC(Cc1ccccc1)C(O)=O	InChI=1S/C9H11NO2/c10-8(9(11)12)6-7-4-2-1-3-5-7/h1-5,8H,6,10H2,(H,11,12)	phenylalanine	218				17.21	NCBITAXON:http://purl.bioontology.org/ontology/NCBITAXON/10116	Rattus norvegicus										256535	333848	253222	152722	444	218203	283493	156663	178247	585264	241071	644357	221107	225424	255185	311675	392154	308420
CHEBI:26078	H3O4P	[H]OP(=O)(O[H])O[H]	InChI=1S/H3O4P/c1-5(2,3)4/h(H3,1,2,3,4)	phosphate	299				11.31	NCBITAXON:http://purl.bioontology.org/ontology/NCBITAXON/10116	Rattus norvegicus										6206188	8822032	8798063	20800000	14800000	15200000	5367895	5752247	9970477	11800000	8560974	11500000	6315249	11900000	7349534	8072363	11000000	7674303
CHEBI:46961	C18H39NO3	CCCCCCCCCCCCCC[C@@H](O)[C@@H](O)[C@@H](N)CO	InChI=1S/C18H39NO3/c1-2-3-4-5-6-7-8-9-10-11-12-13-14-17(21)18(22)16(19)15-20/h16-18,20-22H,2-15,19H2,1H3/t16-,17+,18-/m0/s1	phytosphingosine	204				46.1	NCBITAXON:http://purl.bioontology.org/ontology/NCBITAXON/10116	Rattus norvegicus										357257	295850	139424	325485	127904	199096	1903502	1780060	117678	8930775	5029327	810742	1659990	4263936	6569677	5160622	7170617	5061355
CHEBI:17964	C6H11NO2	OC(=O)C1CCCCN1	InChI=1S/C6H11NO2/c8-6(9)5-3-1-2-4-7-5/h5,7H,1-4H2,(H,8,9)	pipecolinic acid	156				18.89	NCBITAXON:http://purl.bioontology.org/ontology/NCBITAXON/10116	Rattus norvegicus										324139	695174	177792	600289	515939	308764	34533	10757	16940	435626	24125	179746	16877	27364	20900	24744	563521	10243
CHEBI:26271	C5H9NO2	OC(=O)C1CCCN1	InChI=1S/C5H9NO2/c7-5(8)4-2-1-3-6-4/h4,6H,1-3H2,(H,7,8)	proline	142				11.67	NCBITAXON:http://purl.bioontology.org/ontology/NCBITAXON/10116	Rattus norvegicus										614253	441930	512353	29291	258	18908	191759	475160	580689	1250796	423272	804718	616288	495094	310965	680257	788950	822980
CHEBI:33942	C5H10O5			ribose	103				18.19	NCBITAXON:http://purl.bioontology.org/ontology/NCBITAXON/10116	Rattus norvegicus										319639	397593	120605	788872	315856	397637	219311	160104	164790	522609	409454	578851	226329	377026	302276	198461	468642	354465
CHEBI:15611	C3H7NO2	CNCC(O)=O	InChI=1S/C3H7NO2/c1-4-2-3(5)6/h4H,2H2,1H3,(H,5,6)	sarcosine	116				7.38	NCBITAXON:http://purl.bioontology.org/ontology/NCBITAXON/10116	Rattus norvegicus										5052489	3337370	4449598	182097	1777	289433	1285201	8435253	11800000	8739701	6783309	2934689	6893085	9589746	3880458	13200000	6810899	11500000
CHEBI:16802	C7H14O7	[H][C@@](O)(CO)[C@@]([H])(O)[C@@]([H])(O)[C@]([H])(O)C(=O)CO	InChI=1S/C7H14O7/c8-1-3(10)5(12)7(14)6(13)4(11)2-9/h3,5-10,12-14H,1-2H2/t3-,5-,6-,7-/m1/s1	sedoheptulose	361				34.98	NCBITAXON:http://purl.bioontology.org/ontology/NCBITAXON/10116	Rattus norvegicus										3793766	3382082	2776997	14700000	1862840	3390492	1553055	1531964	2521860	8725513	4260008	11300000	1390702	3404361	4531886	3645834	6177949	4981194
CHEBI:16610	C7H19N3	NCCCCNCCCN	InChI=1S/C7H19N3/c8-4-1-2-6-10-7-3-5-9/h10H,1-9H2	spermidine	144				28.29	NCBITAXON:http://purl.bioontology.org/ontology/NCBITAXON/10116	Rattus norvegicus										29022	20197	18527	6595	508	11491	23782	24566	27833	161341	43776	45340	31688	40463	27251	35190	36563	40709
CHEBI:15741	C4H6O4	OC(=O)CCC(O)=O	InChI=1S/C4H6O4/c5-3(6)1-2-4(7)8/h1-2H2,(H,5,6)(H,7,8)	succinic acid	147				11.98	NCBITAXON:http://purl.bioontology.org/ontology/NCBITAXON/10116	Rattus norvegicus										971866	1099054	1062007	855168	959549	1145521	1449577	1044118	1069819	1048144	970494	708619	997898	1465556	1181064	1321227	954179	614366
CHEBI:37710	C6H12O6			talose	319				21.33	NCBITAXON:http://purl.bioontology.org/ontology/NCBITAXON/10116	Rattus norvegicus										59000000	26100000	28800000	101000000	46100000	95900000	66400000	55200000	68100000	65300000	63900000	69300000	72200000	84000000	58300000	69900000	72100000	21800000
CHEBI:15891	C2H7NO3S	C(CS(O)(=O)=O)N	InChI=1S/C2H7NO3S/c3-1-2-7(4,5)6/h1-3H2,(H,4,5,6)	taurine	326				17.85	NCBITAXON:http://purl.bioontology.org/ontology/NCBITAXON/10116	Rattus norvegicus										1384	18267	1100	48705	352	981	585	790	1131	251601	846	28415	1839	187	1606	1480	665082	2046
CHEBI:26986	C4H9NO3	CC(O)C(N)C(O)=O	InChI=1S/C4H9NO3/c1-2(6)3(5)4(7)8/h2-3,6H,5H2,1H3,(H,7,8)	threonine	73				13.47	NCBITAXON:http://purl.bioontology.org/ontology/NCBITAXON/10116	Rattus norvegicus										274763	174417	301025	22166	607	40295	131539	202378	213505	282389	152636	544702	226500	199631	293857	174229	191831	322162
CHEBI:17821	C5H6N2O2	Cc1c[nH]c(=O)[nH]c1=O	InChI=1S/C5H6N2O2/c1-3-2-6-5(9)7-4(3)8/h2H,1H3,(H2,6,7,8,9)	thymine	255				40	NCBITAXON:http://purl.bioontology.org/ontology/NCBITAXON/10116	Rattus norvegicus										2917822	2577159	1578831	2237972	1282919	2512606	2156826	1698562	1748701	3342572	3059682	2276564	2529881	2711212	2584199	3239273	4103047	2790442
CHEBI:27607	C10H14O	CC(C)c1ccc(C)cc1O	InChI=1S/C10H14O/c1-7(2)9-5-4-8(3)6-10(9)11/h4-7,11H,1-3H3	thymol	207				46.74	NCBITAXON:http://purl.bioontology.org/ontology/NCBITAXON/10116	Rattus norvegicus										29148	9085	20905	8372	12688	124340	17326	4638	15460	7406	18077	24345	18414	22703	12758	14051	5113	17314
CHEBI:18186	C9H11NO3	NC(Cc1ccc(O)cc1)C(O)=O	InChI=1S/C9H11NO3/c10-8(9(12)13)5-6-1-3-7(11)4-2-6/h1-4,8,11H,5,10H2,(H,12,13)	tyrosine	179				20.74	NCBITAXON:http://purl.bioontology.org/ontology/NCBITAXON/10116	Rattus norvegicus										2041	9760	2444	366769	1100	13838	3537	1176	1432	10900	3483	16121	1181	3367	4236	4429	14714	2471
CHEBI:16199	CH4N2O	NC(N)=O	InChI=1S/CH4N2O/c2-1(3)4/h(H4,2,3,4)	urea	147				10.43	NCBITAXON:http://purl.bioontology.org/ontology/NCBITAXON/10116	Rattus norvegicus										5837489	6022030	6382695	7930489	27313	9255296	4836421	4277587	5409558	6630390	6275476	8779528	5234025	7190398	4477961	11900000	6602932	4971650
CHEBI:27266	C5H11NO2	CC(C)C(N)C(O)=O	InChI=1S/C5H11NO2/c1-3(2)4(6)5(7)8/h3-4H,6H2,1-2H3,(H,7,8)	valine	144				10.04	NCBITAXON:http://purl.bioontology.org/ontology/NCBITAXON/10116	Rattus norvegicus										720785	780624	798442	192480	324	173869	534863	411003	587722	1478518	558489	1435170	647912	597306	593433	862797	1068502	783715
CHEBI:17151	C5H12O5	OC[C@H](O)[C@@H](O)[C@H](O)CO	InChI=1S/C5H12O5/c6-1-3(8)5(10)4(9)2-7/h3-10H,1-2H2/t3-,4+,5+	xylitol	217				18.62	NCBITAXON:http://purl.bioontology.org/ontology/NCBITAXON/10116	Rattus norvegicus										40928	101782	183149	112094	35850	239839	36710	38931	41336	32061	32902	27256	46184	107402	20976	39690	40518	25107
