database_identifier	chemical_formula	smiles	inchi	metabolite_identification	mass_to_charge	fragmentation	modifications	charge	retention_time	taxid	species	database	database_version	reliability	uri	search_engine	search_engine_score	smallmolecule_abundance_sub	smallmolecule_abundance_stdev_sub	smallmolecule_abundance_std_error_sub	2_1	2_2	21_1	21_2	29_1	29_2	32_1	32_2	33_1	33_2	34_1	34_2	35_1	35_2	44_1	44_2	45_1	45_2	50_1	50_2	23_1	23_2	30_1	30_2	38_1	38_2	39_1	39_2	46_1	46_2	48_1	48_2	53_1	53_2	27_1	27_2	31_1	31_2	47_1	47_2
CHEBI:35619	C4H9NO2	CC[C@H](N)C(O)=O	"InChI=1S/C4H9NO2/c1-2-3(5)4(6)7/h3H,2,5H2,1H3,(H,6,7)/t3-/m0/s1"	 l-2-Aminobutyric acid	104				5.765												21980058.15	20891927.7	19322252.6	19458046.1	17069390.6	18028112.3	22779231.2	27998862	19826686	20673642.3	30535532.5	26197464	23812441	23816525	26327631	25201022	22089811	23129332	21034419	22036655.6	22427328	24661611	21743173	26664834	33829098	30725854	27077337.6	26884040	23969386	29778249	24684444	26626685	27673817	25963390	27295609	28419746	24769232	25705468	18773123	19240105.8
CHEBI:78320	C3H6O3	CC(O)C(O)=O	"InChI=1S/C3H6O3/c1-2(4)3(5)6/h2,4H,1H3,(H,5,6)"	Lactic acid	119				6.331												27739515.8	30738569.1	43502127.5	45873439.5	28318418.5	29943040.6	18673447.4	21206658	14738760	16048258.9	41155754.2	40938639	46362059	39603373	35271240	37344136	28859734	27216243	28823438	29441834.3	31021626	30994009	28837110	28651776	30270582	31009813	39944700.5	39658725	43459300	44856246	79789582	87001993	66960765	64403219	47398666	47664125	45374557	48251172	47780155	53245024.6
CHEBI:15366	C2H4O2	CC(O)=O	"InChI=1S/C2H4O2/c1-2(3)4/h1H3,(H,3,4)"	Acetic acid	101				6.609												24052530.37	28769722.7	24862153.6	24542007.5	33617949.4	34913773.4	37907484.1	39965060	24067850	24178796.7	30143544.6	28278266	28773201	28142106	23544144	23700565	22550032	22445940	24732004	22031410.9	31950761	31394130	40269026	41071329	44118163	43523439	25751091.7	24914430	28152785	29457257	28263618	23938475	33917957	32961366	44433030	46624394	50108335	51542988	38623333	42730702.3
CHEBI:18295	C5H9N3	NCCc1c[nH]cn1	"InChI=1S/C5H9N3/c6-2-1-5-3-7-4-8-5/h3-4H,1-2,6H2,(H,7,8)"	Histamine	154				6.909												17140616.64	23365318	20199440.7	19730765.3	16869320.8	16955195.2	29205693.9	27459485	21041764	17394650.3	27808751.9	26006025	20371301	19924484	15851043	16258800	16947774	15982631	18771512	16942187.5	19097068	22207540	33553527	32209268	27369358	30673827	20315014.4	22052143	21211798	20441708	32001061	30476397	22069737	21447219	31854168	32032569	35997287	37045895	32282073	32473383.3
CHEBI:16977	C3H7NO2	C[C@H](N)C(O)=O	"InChI=1S/C3H7NO2/c1-2(4)3(5)6/h2H,4H2,1H3,(H,5,6)/t2-/m0/s1"	L-Alanine	116				7.098												342128115.9	275885538	317494873	355866313	335531672	443561183	225843122	206779475	266490968	244660646	393821482	368291674	208378053	193236651	411667328	422257173	186061041	175465227	174524705	184315825	204950353	171792506	304909251	323988132	205621756	211107913	207919715	206435448	153838068	148253012	205753499	195950546	283834281	254309124	240380643	241726909	234003969	240133746	212089799	229518343
CHEBI:30772	C4H8O2	CCCC(O)=O	"InChI=1S/C4H8O2/c1-2-3-4(5)6/h2-3H2,1H3,(H,5,6)"	Butanoic acid	101				7.309												20529266.16	23817302.5	13533231.6	12457681.3	29617294.8	29309547.1	16497565.9	19340201	17889529	23600862.4	29574691.6	27657487	22194289	19588847	18268462	18738405	19365586	28889215	18366011	18417721.9	17035994	17729987	32133903	34180160	22532269	24954554	18705920.5	19741021	16943272	16328150	33644580	32125890	16480777	16015969	17437491	16762691	24612141	25329097	29978894	32700662.2
CHEBI:16995	C2H2O4	OC(=O)C(O)=O	"InChI=1S/C2H2O4/c3-1(4)2(5)6/h(H,3,4)(H,5,6)"	Oxalic acid	147				7.764												21268632.19	20215721.1	15518659.8	16646760.6	31039205.9	31197213.1	36840884.8	31382339	21212075	18464888.6	32524634.7	30416098	19188328	15676539	23026967	23619319	20063703	24418060	19097724	19798697.5	21108965	20370632	39734570	38706175	32332592	33505913	15216405	15903742	17284186	18757477	25003995	24214262	18078015	17568160	24917653	20407333	25153204	27662824	22843330	24917263.7
CHEBI:17497	C2H4O3	OCC(O)=O	"InChI=1S/C2H4O3/c3-1-2(4)5/h3H,1H2,(H,4,5)"	Glycolic acid	219				7.953												115133653.8	109224320	124639863	127435224	123198685	125115203	131463250	143155904	110903140	105184519	197149466	184369081	96289246	93711887	125722040	128956149	115085258	112257979	106655792	108211229	184711770	187649798	159518325	161755795	148367059	158901719	176184745	183221569	192272246	181630071	193122271	183921122	211379416	187284023	206400866	207556827	182344155	186218151	194931585	212629320
CHEBI:17418	C5H10O2	CCCCC(O)=O	"InChI=1S/C5H10O2/c1-2-3-4-5(6)7/h2-4H2,1H3,(H,6,7)"	Pentanoic acid	101				8.842												37185313.44	35438754.3	21390823.5	22487433	25579441.2	27864289.5	28902669.3	29996982	30751989	32237216.5	21673390	20567589	32267756	32884476	31325397	32131220	31901220	33478859	35542734	37439783.3	26344293	28538248	57695229	53453055	35892320	39305328	37324639.9	37869148	43833012	45183541	39741207	39777437	32343216	31431038	49494207	56751749	50378958	51846508	47931079	52282716.7
CHEBI:16643	C5H11NO2S	CSCC[C@H](N)C(O)=O	"InChI=1S/C5H11NO2S/c1-9-3-2-4(6)5(7)8/h4H,2-3,6H2,1H3,(H,7,8)/t4-/m0/s1"	L-Methionine	142				9.064												11058063.5	10934106.5	10020696.2	10172010.6	24390190.8	23671901.4	13126436.5	14497452	9853077.2	9095579.44	21993325.7	20567589	11975685	12859934	31325397	32131220	8870335.7	12444387	12206113	12384123.2	13156338	12891343	16105991	14653136	17155366	17371579	13591204.2	13003706	14531188	14003637	14503026	15725724	14793875	14376642	17604940	14927647	17984654	17731430	21053015	23686346.6
CHEBI:17115	C3H7NO3	N[C@@H](CO)C(O)=O	"InChI=1S/C3H7NO3/c4-2(1-5)3(6)7/h2,5H,1,4H2,(H,6,7)/t2-/m0/s1"	L-Serine	204				10.686												110293411.4	133462697	126333693	139178303	154067506	153647551	143871695	145095637	121619801	133797981	14537579	17963908	147351387	130234819	58613195	60120977	115265182	145002966	102987743	122196605	70893055	56463156	42096960	58358473	35670596	49910008	104990035	104240538	56174755	66992257	47247186	34096765	55215080	53657844	95110807	70621794	67714720	63938914	69517768	75829249.4
CHEBI:16000	C2H7NO	NCCO	"InChI=1S/C2H7NO/c3-1-2-4/h4H,1-3H2"	Aminoethanol	189				11.008												419591568.2	236650716	496170208	503653160	455061748	459328189	527518742	486240684	430306312	518530649	178288351	368488638	635643686	510656196	262945394	269709475	330222229	512665770	516927776	537775382	624613742	596534550	474470157	518905694	565655509	572969853	492264721	397930077	564882331	527804404	565295004	616467184	70388387	427916806	388309148	469330713	476284730	428386281	477639417	468338050
CHEBI:15428	C2H5NO2	NCC(O)=O	"InChI=1S/C2H5NO2/c3-1-2(4)5/h1,3H2,(H,4,5)"	Glycine	248				12.108												1586320700	1507789337	1696447591	1620073457	1326485742	1332717996	1254813188	1360000000	1742000000	1599563021	2215499787	2072000000	1295000000	1266000000	1748000000	1793000000	2152000000	2030000000	1991000000	2026047998	1351000000	1319000000	940339591	995073777	833838857	862028833	1231127144	1222000000	1496000000	1442000000	1226000000	1164000000	1579000000	1504000000	1462000000	1470000000	1435000000	1211000000	1039000000	1132790653
CHEBI:17568	C4H4N2O2	O=c1cc[nH]c(=O)[nH]1	"InChI=1S/C4H4N2O2/c7-3-1-2-5-4(8)6-3/h1-2H,(H2,5,6,7,8)"	Uracil	85				12.875												12773030.32	10800169	6979931.77	7274280.21	10951755.3	11007505.9	13988907.8	21809401	15197368	10342835.8	13451593.6	12579582	10630888	10808741	14620971	14997085	10296062	18486861	17362618	17615829.9	31039755	22023690	24217954	24219521	34587845	35023765	22658350.6	22496607	27152831	26167054	24359895	22810459	24933796	24230586	28228028	32346072	27945288	26729114	28132415	28160048.4
CHEBI:18012	C4H4O4	OC(=O)\C=C\C(O)=O	"InChI=1S/C4H4O4/c5-3(6)1-2-4(7)8/h1-2H,(H,5,6)(H,7,8)/b2-1+"	Fumaric acid 	245				13.03												4067391.89	4159046.97	7003322.27	6342259.47	4755881.57	4394756.59	4457999.84	7145244.5	3200855.7	4191149.69	4797831.88	6569395.9	4812686.9	4707127	2876016.5	2950000	4889779.5	3775873	3551296.3	3866808.76	8264694.8	7766330	10481997	13456345	9106810.8	9221586.1	10607660.7	10531944	11012993	9983445.9	9556135.5	9100841.4	13006046	10405872	14506694	14090540	14854534	16003525	13685666	15479780.3
CHEBI:16857	C4H9NO3	C[C@@H](O)[C@H](N)C(O)=O	"InChI=1S/C4H9NO3/c1-2(6)3(5)4(7)8/h2-3,6H,5H2,1H3,(H,7,8)/t2-,3+/m1/s1"	L-Threonine	160				14.197												239167616.8	216140622	347309107	279410740	162313560	201256411	397711594	432793323	418943060	384624216	453877875	364795704	323464567	275408380	332280918	340828606	423954021	392729765	385232897	342396396	185528895	173974085	183002546	184683909	185387407	170372894	114119261	123322134	192286101	219097734	216111515	254820783	286883648	278792644	198550678	197405637	258138429	251897649	241888815	319305083
CHEBI:17821	C5H6N2O2	Cc1c[nH]c(=O)[nH]c1=O	"InChI=1S/C5H6N2O2/c1-3-2-6-5(9)7-4(3)8/h2H,1H3,(H2,6,7,8,9)"	Thymine	255				14.419												47036914.78	46321594.8	45114710.3	43732057.8	19467195	25564347.1	33527075.5	29671697	21728104	22350965.9	35976896.8	33644663	31928148	38985228	20387442	20911894	27177142	20068284	12382692	14962292.5	55333099	55790085	90729882	94651604	80529829	82301992	80957009.1	76154567	67917324	65451601	57692073	54943382	106359683	103360011	72123787	72302738	60078347	61976440	77256512	75328759.6
CHEBI:17203	C5H9NO2	OC(=O)[C@@H]1CCCN1	"InChI=1S/C5H9NO2/c7-5(8)4-2-1-3-6-4/h4,6H,1-3H2,(H,7,8)/t4-/m0/s1"	L-Proline	142				17.174												308867010.3	287332415	332737068	297370649	403373713	456095967	320167308	324564431	522869131	486278293	577209274	539791183	535692682	523942965	481777184	494170556	367348395	346428619	351529711	336364228	207993598	209569518	174009981	178501172	191044467	163229544	208020083	206535082	193069561	199961565	199204443	208640374	199870418	166457427	217699642	238378394	231055082	233833579	274491882	299412854
CHEBI:30746	C7H6O2	OC(=O)c1ccccc1	"InChI=1S/C7H6O2/c8-7(9)6-4-2-1-3-5-6/h1-5H,(H,8,9)"	Benzoic acid	189				17.819												119746044.3	117077583	121926107	119302483	57976944.7	66635801.4	96812522.5	99031810	104848739	105703522	157144375	146957355	147442544	130906273	108190514	110973637	94902987	88472963	150379044	148905523	212735181	222811252	124175466	105961435	156963292	158941539	211583157	194561892	199042196	188730226	113266954	112231210	127946420	124337936	172838451	169648570	160313483	143176163	167108752	178377285
CHEBI:17561	C3H7NO2S	N[C@@H](CS)C(O)=O	"InChI=1S/C3H7NO2S/c4-2(1-7)3(5)6/h2,7H,1,4H2,(H,5,6)/t2-/m0/s1"	L-Cysteine	152				18.174												202649396.9	195933342	204066521	183523104	212482622	224338692	224619496	232054370	250613406	241586246	299492947	280078067	164526028	187438114	207551263	212890370	191723196	214651566	218646921	203466845	130249378	135844564	115578666	99105653	146473168	146251918	164545257	156638646	153232038	147668985	158484532	155032891	181771800	176645275	161334693	164275956	139791229	145486391	141975761	157681033
CHEBI:30915	C5H6O5	OC(=O)CCC(=O)C(O)=O	"InChI=1S/C5H6O5/c6-3(5(9)10)1-2-4(7)8/h1-2H2,(H,7,8)(H,9,10)"	2-Oxoglutaric acid	102				18.674												24691263.93	21490444.4	17769798.3	16055591	56187356.7	54746521.3	34650778.1	48777251	24610912	43603186.2	94032813.9	87937055	32868159	32147239	54823799	56234102	38247946	34809534	18285106	18551770.3	57889261	62000426	97650550	87229158	75394473	75322653	99428577.6	102486446	141418658	125641023	162483547	159391440	94297809	91638320	96433265	94180952	101107513	111333710	126467519	169003254
CHEBI:18237	C5H9NO4	NC(CCC(O)=O)C(O)=O	"InChI=1S/C5H9NO4/c6-3(5(9)10)1-2-4(7)8/h3H,1-2,6H2,(H,7,8)(H,9,10)"	Glutamic acid	246				19.852												611000408.5	624518263	617375499	604176954	681933276	678203151	628443818	651199358	621295555	652996072	805605025	753380982	456895432	470594472	706625320	724802748	495638480	541698732	597399083	568619128	430441430	418229366	466185952	468386268	542012724	487602299	677818575	686367061	507158440	528416528	427700794	421002953	456671613	443792065	548221988	539913258	465373755	492302330	312253666	340603010
CHEBI:15746	C10H26N4	NCCCNCCCCNCCCN	"InChI=1S/C10H26N4/c11-5-3-9-13-7-1-2-8-14-10-4-6-12/h13-14H,1-12H2"	Spermine	146				20.318												1314586684	1381341924	1469745959	1471956027	1351132563	1356134277	1510544647	1683000000	1470000000	1488051867	385666051	877880871	1606000000	1549000000	914780145	938312206	1342000000	1394000000	1557000000	1571410572	1718000000	1718000000	1827000000	1872000000	1933000000	1950000000	1780619123	1851000000	1546000000	1550000000	1547000000	1609000000	2207000000	2145000000	1466000000	1467000000	717386134	731666429	1018000000	1110551655
CHEBI:18019	C6H14N2O2	NCCCC[C@H](N)C(O)=O	"InChI=1S/C6H14N2O2/c7-4-2-1-3-5(8)6(9)10/h5H,1-4,7-8H2,(H,9,10)/t5-/m0/s1"	l-Lysine	188				21.707												58297083.07	51711460.9	41946950.3	41912776.9	24404905.3	33255558.7	41062126.1	50615005	51865963	35170867.2	84062465.8	40748986	43959491	42994541	40020037	41049524	31268096	47583669	39305060	39878273.9	17965520	21169297	38263767	38444365	28657194	29018367	28514410.2	28643084	19970161	19245149	50715614	53241271	19596623	19043937	36435638	29926117	36285742	37342763	30162874	36307891.7
CHEBI:26078	H3O4P	[H]OP(=O)(O[H])O[H]	"InChI=1S/H3O4P/c1-5(2,3)4/h(H3,1,2,3,4)"	Phosphoric acid	97				23.018												39601550.43	37641061.8	26743675.7	28381403.8	29782162.5	33023508.5	39797697.6	46043184	48434563	48549787.2	48497709.1	45353803	30789725	29557080	38187863	39170218	29105071	16864785	28970971	25864129.1	28645764	31969590	21875345	23792026	36708171	37924933	61607247.2	61167449	36236408	34962488	38695800	42256656	34722801	33743511	53986374	51563789	54907765	51435582	773833430	81773575.1
CHEBI:17368	C5H4N4O	O=c1[nH]cnc2nc[nH]c12	"InChI=1S/C5H4N4O/c10-5-3-4(7-1-6-3)8-2-9-5/h1-2H,(H2,6,7,8,9,10)"	Hypoxanthine	137				23.685												50578219.9	53697994.6	56416814.3	56043365.2	46605573.3	52979119.7	54522670	57976087	69011881	71673109	86860655	81229848	73073127	70056509	72389672	74251853	67425359	72911116	52604690	52288199.9	117694575	115097314	160278407	164104270	136644797	133962038	82111233.6	87586529	92765969	94978128	83765525	82875256	117913685	114588155	117293082	116389238	109340869	104366026	90251179	98079447.7
CHEBI:18257	C5H12N2O2	NCCCC(N)C(O)=O	"InChI=1S/C5H12N2O2/c6-3-1-2-4(7)5(8)9/h4H,1-3,6-7H2,(H,8,9)"	Ornithine	114				24.096												496528521.5	517835703	571098618	573551783	615363434	642533078	608311201	639426925	484369168	501443900	723879388	676953280	387190296	378697784	452150147	463781385	382359131	360584523	488606327	487349947	344918817	346421018	425212155	427219082	315085082	319056177	529175160	497905942	482857818	499243682	364048151	285641550	451364047	438634189	330379807	325226522	255987062	209419979	305745448	333503914
CHEBI:18211	C6H13N3O3	NC(CCCNC(N)=O)C(O)=O	"InChI=1S/C6H13N3O3/c7-4(5(10)11)2-1-3-9-6(8)12/h4H,1-3,7H2,(H,10,11)(H3,8,9,12)"	Citrulline	177				24.207												100512713.9	97784686.3	80599076.8	81179276.5	76289656.2	76678013.9	89893009.4	100846416	68785031	69310014.3	125762036	117609403	66342995	64643139	72085315	73939658	67882772	71520991	101939907	102373717	99763530	100155870	97764402	97837014	120211181	120771194	102398312	93448602	71924010	87602764	72685213	78510177	118973110	115617701	111049225	106645025	112549675	115828271	58331799	63627711.7
CHEBI:30769	C6H8O7	OC(=O)CC(O)(CC(O)=O)C(O)=O	"InChI=1S/C6H8O7/c7-3(8)1-6(13,5(11)12)2-4(9)10/h13H,1-2H2,(H,7,8)(H,9,10)(H,11,12)"	Citric acid	257				24.296												36513305.3	35267039.9	20556099.5	22122198.8	32930329.7	33399695.9	35866694.9	38402227	24313538	24800674.3	39955417.9	37365273	29262661	28957177	31904012	32734415	24257530	24648745	15500146	15242940	48090385	47857606	50524655	51252873	51103107	50455687	55877102.1	55051936	38751825	37404626	51777111	49310233	53146334	51647444	46014509	48820057	57563917	58621394	55285724	60305085.3
CHEBI:28875	C14H28O2	CCCCCCCCCCCCCC(O)=O	"InChI=1S/C14H28O2/c1-2-3-4-5-6-7-8-9-10-11-12-13-14(15)16/h2-13H2,1H3,(H,15,16)"	Tetradecanoic acid	117				24.373												13410589.66	12861487.8	11382489.6	11252695.3	11554237	11347836	12053791.3	13172244	12579126	12910059.6	11646773.8	7723996.9	15504519	16717708	9203252.8	9449695.7	12993201	14533657	15500146	15242940	15527826	15937606	14548236	13709962	9925571.1	10050666	12149779	12063045	14050637	13979752	16966529	16158173	11741541	11410394	11268023	10349870	12097517	11197873	14964830	16323478.7
CHEBI:17196	C4H8N2O3	N[C@@H](CC(N)=O)C(O)=O	"InChI=1S/C4H8N2O3/c5-2(4(8)9)1-3(6)7/h2H,1,5H2,(H2,6,7)(H,8,9)/t2-/m0/s1"	L-Asparagine	232				24.607												40652246.48	44393518.8	29336907.9	29175492.8	35613898.8	37534470.3	41465276.6	42799661	27030991	27761132.4	31829466.1	41731971	33108170	29917013	46309621	47500903	29649272	31003757	27591518	26178320.2	79279630	80564570	124297956	124140122	67818854	66772919	79594096.8	69863168	81730059	88069806	111881221	117367370	11927109	111004557	95083309	94710025	92923170	96077482	90196815	98385735.6
CHEBI:16708	C5H5N5	Nc1ncnc2[nH]cnc12	"InChI=1S/C5H5N5/c6-4-3-5(9-1-7-3)10-2-8-4/h1-2H,(H3,6,7,8,9,10)"	Adenine	136				24.895												76400236.4	80545561.7	68860680.9	69926567.6	106855259	113227326	72423481	74569379	94917266	94449216	136039964	127221056	72839199	75324713	87155369	89397378	85834727	92459195	84281809	83589224	132496616	133206899	150039337	154262071	168853092	170981189	127014703	129137865	134798464	129904638	123033596	126666724	130197029	126525072	141401693	143503440	132953251	130719086	137694374	154737233
CHEBI:17895	C9H11NO3	N[C@@H](Cc1ccc(O)cc1)C(O)=O	"InChI=1S/C9H11NO3/c10-8(9(12)13)5-6-1-3-7(11)4-2-6/h1-4,8,11H,5,10H2,(H,12,13)/t8-/m0/s1"	L-Tyrosine	218				26.517												405858404	432708534	328140093	327864041	625390947	634179598	459473406	502394801	385139269	376794961	288411049	269714553	409876186	408741616	495405357	508149303	419330853	416854244	459076919	455142635	510806225	511459209	770720428	773043258	611707713	604930428	456730787	472401247	567328077	564237480	492353970	462930841	487792908	474035644	556722887	557168639	662311727	643868286	630815125	668090423
CHEBI:16411	C10H9NO2	OC(=O)Cc1c[nH]c2ccccc12	"InChI=1S/C10H9NO2/c12-10(13)5-7-6-11-9-4-2-1-3-8(7)9/h1-4,6,11H,5H2,(H,12,13)"	Indole-3-acetic acid	186				26.829												28495779.62	31261576.5	95414981.9	95715703.5	41086029	41784723.1	47450823.7	49263994	55652742	55733359.7	16919734.8	15822898	67494125	67173471	38371930	39359020	55921683	57126544	25855258	25934743.2	121030912	120673982	46775217	47839900	60634667	58639496	22032002.8	23022731	85747463	86775916	62112152	56228219	5626155.8	47715917	57475644	57103558	53497690	54507529	53607846	54209361.2
CHEBI:24266	C6H12O7			Gluconic acid	103				27.417												47140027.88	51018247	66855358.1	68177975.1	88416894.7	88756455.5	83382157.5	94713825	68984170	73364017	10954453.9	42290490	84880203	89391083	83550762	85700045	85336023	85237556	87113417	87211453.1	88347597	91083336	106167134	106500392	122531999	123751215	85558134.4	84947357	98749147	105977959	102349254	109097940	120096525	116709433	76810475	75073356	105920034	105848108	104785718	111307814
CHEBI:28716	C16H30O2	C(CCCCCCC/C=C\CCCCCC)(=O)O	"InChI=1S/C16H30O2/c1-2-3-4-5-6-7-8-9-10-11-12-13-14-15-16(17)18/h7-8H,2-6,9-15H2,1H3,(H,17,18)/b8-7-"	cis-9-Hexadecenoic acid	123				27.806												141829456.7	151303191	126012432	126843029	138382917	139177954	113341663	126763410	163072567	157901607	30921559.1	95527128	179885456	180778741	120496514	123596200	163356013	166401897	159925767	159284860	178190371	174843110	166128652	166968398	178975248	183523058	173713664	184139942	170486508	174311308	202556903	209221474	178628883	173590998	131793875	129902142	168369386	172801193	173951864	189744861
CHEBI:17964	C6H11NO2	OC(=O)C1CCCCN1	"InChI=1S/C6H11NO2/c8-6(9)5-3-1-2-4-7-5/h5,7H,1-4H2,(H,8,9)"	Pipecolinic acid	82				29.328												31837896.05	34654738.4	31979342.9	29917151.4	42773837.9	44540325.8	33425467.1	35876063	26662927	25596090.7	17073556.8	15966749	27278460	26752064	26130893	26803091	25585807	26462229	24947816	24339772.7	39239246	34487266	52083370	51390801	40516854	40786568	29654716.6	27768787	32021425	28856012	25472582	25055789	33147275	32212420	32858225	33456189	42424237	49279262	29889508	32436024.8
CHEBI:17268	C6H12O6	O[C@H]1[C@H](O)[C@@H](O)[C@H](O)[C@H](O)[C@@H]1O	"InChI=1S/C6H12O6/c7-1-2(8)4(10)6(12)5(11)3(1)9/h1-12H/t1-,2-,3-,4+,5-,6-"	 Myo-Inositol	129				29.617												127501735.8	148446274	158862032	140358516	194718129	197231866	189416879	205370702	144475267	136652331	33206340.4	96202876	150589267	149071461	154550132	158525823	153041742	155012977	153625054	149487783	164842379	188434029	234535519	232078167	237001886	227793355	166902812	170260165	176450790	169694340	176136289	182219430	220500878	214282073	182152555	163743950	274660744	278880188	194389631	226111935
CHEBI:17775	C5H4N4O3	O=c1[nH]c2[nH]c(=O)[nH]c(=O)c2[nH]1	"InChI=1S/C5H4N4O3/c10-3-1-2(7-4(11)6-1)8-5(12)9-3/h(H4,6,7,8,9,10,11,12)"	Uric acid	73				29.762												82753092.05	89599273.4	60835285	61517778	66848617.4	67312421.5	65799030.1	71604490	90603160	90889116.1	4798359.43	44573031	100068973	97752088	66576931	68289575	85353922	92983856	67833461	68165608.3	78278368	81498661	73725803	74786896	91758875	92752144	77231596.1	79213112	79185652	82843534	91582664	96812681	80341017	78075153	80789768	81446482	84574657	85721771	85325716	92955854.4
CHEBI:16881	C8H7N	c1cc2ccccc2[nH]1	"InChI=1S/C8H7N/c1-2-4-8-7(3-1)5-6-9-8/h1-6,9H"	1H-Indole	186				30.273												9875785.49	12222378.1	17275115.6	17127232	35471483.7	36790644.9	28053772.3	32963586	21527736	22919467.6	13581285.6	12700867	33883720	34504767	30349349	31130065	35072104	36140824	29985711	29730783.6	30957106	30776343	43427587	43890427	36435382	37388691	26131600.5	27506364	36226913	28431696	41018326	44235001	42410152	41214055	29667238	30392641	47862758	43708031	31580864	51176526.9
CHEBI:16865	C4H9NO2	NCCCC(O)=O	"InChI=1S/C4H9NO2/c5-3-1-2-4(6)7/h1-3,5H2,(H,6,7)"	GABA 	238				30.406												26346275.85	22665769.7	30731437	29597258.7	29798944.4	29155380.9	32554758.7	38469931	30013144	31914204.9	50090476.5	46843318	29104037	34478898	34246320	35127282	42842834	49275635	53239368	51352406.8	22685594	22886232	23706150	22847578	19395262	18604023	41006811.6	36063962	36650572	32901400	34366797	33357522	39308144	38199533	28213019	24789731	33450723	35979796	31549992	34414398.9
CHEBI:506227	C8H15NO6	CC(=O)N[C@H]1C(O)O[C@H](CO)[C@@H](O)[C@@H]1O	"InChI=1S/C8H15NO6/c1-3(11)9-5-7(13)6(12)4(2-10)15-8(5)14/h4-8,10,12-14H,2H2,1H3,(H,9,11)/t4-,5-,6-,7-,8?/m1/s1"	 N-Acetyl-D-glucosamine	189				30.628												42822862.78	46728196.9	53659465.5	51231200.1	48513562.1	46807653.1	38348942.1	41223266	41093401	38807374.5	62904720.5	58826868	50159647	50596983	52424811	36827644	40448515	40685470	35330475	35615749.8	19075485	19331782	23706150	22847578	19395262	18604023	27776183	29241478	40795708	43175232	35026322	19642203	30939555	38199533	28213019	34502301	29960272	30274434	34552304	37516227.3
CHEBI:21803	C6H7N5O	Cn1c(N)nc2[nH]cnc2c1=O	"InChI=1S/C6H7N5O/c1-11-5(12)3-4(9-2-8-3)10-6(11)7/h2H,1H3,(H2,7,10)(H,8,9)"	1-Methylguanine	152				30.75												80430061.21	87380512.8	48400517.3	47321894.5	83839366.5	78681299.7	77209347	79910671	27403963	25735501.7	27076908.2	25321624	47685725	49889991	41471644	42538472	55744080	52569563	40175198	40149645.1	59600989	62528282	104939024	107129681	85531381	84893172	61038744	60603004	45147107	43508052	54683087	47546152	68165480	66243003	64438913	58943983	72583410	74697780	77584682	84628553.8
CHEBI:16196	C18H34O2	CCCCCCCC\C=C/CCCCCCCC(O)=O	"InChI=1S/C18H34O2/c1-2-3-4-5-6-7-8-9-10-11-12-13-14-15-16-17-18(19)20/h9-10H,2-8,11-17H2,1H3,(H,19,20)/b10-9-"	Oleic acid	242				31.295												532052322	563617305	478367571	476058387	465835688	458470557	460475446	499467743	631574298	617035278	391821692	366421511	724541779	728730130	449037595	460588764	641093575	661261338	565181398	570147986	637533836	645415250	641503866	650279121	734781854	734265816	616197075	639062427	644669449	656494201	826806164	843495365	678748322	659605526	650200377	638669287	720792495	744650131	637100445	735323709
CHEBI:16828	C11H12N2O2	N[C@@H](Cc1c[nH]c2ccccc12)C(O)=O	"InChI=1S/C11H12N2O2/c12-9(11(14)15)5-7-6-13-10-4-2-1-3-8(7)10/h1-4,6,9,13H,5,12H2,(H,14,15)/t9-/m0/s1"	L-Tryptophan	268				31.584												166475291.7	183948335	169307527	170089879	193455095	247149450	179609480	192955893	221582629	224907979	326605929	305433318	306176858	310228380	272193422	212324542	227250152	235552659	303806946	305455932	182735724	209845259	125398351	123006006	186640187	184265625	181977713	190415383	190372517	199273247	122387765	123170995	225346591	218991123	183635276	179997002	187426540	182914457	196217757	214032274
CHEBI:28842	C18H36O2	C(CCCCCCCCCC)CCCCCCC(=O)O	"InChI=1S/C18H36O2/c1-2-3-4-5-6-7-8-9-10-11-12-13-14-15-16-17-18(19)20/h2-17H2,1H3,(H,19,20)"	Octadecanoic acid	77				31.717												227578100.9	243659333	217798829	218574015	245616208	250124308	228116085	251354511	251218837	256174288	163924472	153297926	115835191	115223536	116201918	119191129	127774514	134011768	167316162	168724190	375349894	383196223	275613770	275903705	395326984	398647288	336617204	352706582	340771509	346284848	448490141	455117909	368542978	358148929	306277754	304125216	318167301	365248778	281111304	306633250
CHEBI:23042	C40H56			ÉÇ Carotene	260				32.672												13456096.29	13411990.7	12733754.2	13131160.2	13064825.5	18680499.4	15170248.7	15619253	10261323	11103668.8	2133660.45	6439418.6	9460682.7	10251005	14436781	14808157	10246142	10310879	9541830.3	10195239.6	15150188	15547521	19300066	19391159	18097432	17504911	10314662.2	11222823	10830171	14470740	11599690	9651780.9	15226790	14797347	13006839	10084755	21327458	21983108	11674343	12734250.4
CHEBI:16283	C6H12N2O4S2	N[C@@H](CSSC[C@H](N)C(O)=O)C(O)=O	"InChI=1S/C6H12N2O4S2/c7-3(5(9)10)1-13-14-2-4(8)6(11)12/h3-4H,1-2,7-8H2,(H,9,10)(H,11,12)/t3-,4-/m0/s1"	L-Cystine	144				32.961												75372200.34	80373588.7	44058895.2	45187567.4	37325145.9	37389998.6	23753327.1	25238628	35519472	34280359.4	29145448.3	27256069	14971081	17182809	7481661.4	7674121.8	24818110	26256129	59612638	59361819.7	78045659	78151685	64690980	65925463	81406015	85547730	81283148.7	91628883	87187745	100188104	76006219	80953749	59813274	58126356	71696138	70044886	75558025	76597142	66139980	72144793.9
CHEBI:15824	C6H12O6			d-Fructose	133				33.639												23834507.6	22654571.9	44775017.9	45738084.7	43599130	45278342.3	33643531.1	36765264	34903861	32208955.2	16218678.7	15167289	41873143	41203699	38470879	39460515	38903802	36688306	31330271	30738025.3	47388975	48383862	55653947	56666649	39749512	40250485	36243122	35500620	48662230	52205055	43117884	44255064	54618272	53077869	36043513	44840147	49848349	51441343	54573298	44577120.7
CHEBI:4167	C6H12O6	OC[C@H]1OC(O)[C@H](O)[C@@H](O)[C@@H]1O	"InChI=1S/C6H12O6/c7-1-2-3(8)4(9)5(10)6(11)12-2/h2-11H,1H2/t2-,3-,4+,5-,6?/m1/s1"	d-Glucose	117				33.839												12918873.93	10270916	19917639.6	16212184.5	15626179.1	15345581.6	27211796.3	29531569	18163132	16675250.7	25283599.4	23644568	16180913	15443924	20988312	21618415	20495381	19328209	12340363	13140047	22138724	22573876	18711759	18800076	37530784	38691141	10821127.2	10743878	14180163	13665356	20971755	21624013	30789404	29921048	25523838	25666786	24265660	28029494	25099417	28264361.6
CHEBI:40448	C14H8O2	O=C1c2ccccc2C(=O)c2ccccc12	InChI=1S/C14H8O2/c15-13-9-5-1-2-6-10(9)14(16)12-8-4-3-7-11(12)13/h1-8H	"9,10-Anthracenedione"	108				34.516												10850017.66	11198012.4	9824281.68	10164272.5	9334062.65	9075684.01	12679019.5	11448586	8561164	8647645.52	14670436.3	9225490.2	21128828	20234735	12493048	12814423	9039668.8	9647352.4	17536551	17989276.3	17749385	17930790	15996404	16071905	23273921	23934630	15684607.7	16942801	12329204	11881595	25533682	21596740	10170667	9883822.4	16821454	16644877	21625541	24867998	11241557	12262171.8
CHEBI:15368	C3H4O	[H]C(=C)C([H])=O	"InChI=1S/C3H4O/c1-2-3-4/h2-3H,1H2"	2-Propen-1-one	147				35.072												81205742.34	90282368.6	82776999.4	86484955.6	77897601.1	77025117.9	62078468.9	66919222	49638744	57848873.6	20502575.2	19173478	71233468	70495681	51871476	53205832	47184657	48815538	67612003	68099762.1	109051599	110008466	86066690	87510884	97064937	100630305	60380232.6	63674406	77930878	85507640	56336064	61519019	85983154	83558163	65421431	61281196	82937510	85353497	69756327	76089466.5
CHEBI:16704	C9H12N2O6	OC[C@H]1O[C@H]([C@H](O)[C@@H]1O)n1ccc(=O)[nH]c1=O	"InChI=1S/C9H12N2O6/c12-3-4-6(14)7(15)8(17-4)11-2-1-5(13)10-9(11)16/h1-2,4,6-8,12,14-15H,3H2,(H,10,13,16)/t4-,6-,7-,8-/m1/s1"	Uridine	259				35.472												83605548.11	89708132.2	116709178	118939053	142282516	142141657	49978935.7	50144068	99609033	99123157.8	12879174.4	56250261	124503496	122476129	122043412	125182891	101328774	103440552	95913126	101594129	79493013	80095313	89910349	88329463	63906657	61634192	71080608.2	72392163	94215662	90795185	124150725	82376991	47086279	45758300	126933305	123950260	143612282	137836986	55243037	71301693.4
CHEBI:17562	C9H13N3O5	Nc1ccn([C@@H]2O[C@H](CO)[C@@H](O)[C@H]2O)c(=O)n1	"InChI=1S/C9H13N3O5/c10-5-1-2-12(9(16)11-5)8-7(15)6(14)4(3-13)17-8/h1-2,4,6-8,13-15H,3H2,(H2,10,11,16)/t4-,6-,7-,8-/m1/s1"	Cytidine	112				39.149												47885443.84	51393317.8	53790647.9	54544892.9	39020385.7	38694193.9	35039631.1	37293892	29637194	32163709.7	12292089.4	11495244	41917902	41739845	14643631	15020327	22649576	27255066	22272137	21886957.3	60942694	59797445	44418194	44638431	40909434	44261331	44664104.5	48253076	42971987	47697911	37953121	39477954	47290592	45956852	52063140	51853389	41769709	42668944	52082019	56810507.6
CHEBI:33942	C5H10O5			Ribose	217				39.916												42722191.43	47203419.6	30227504.9	30394430.6	33907355.9	39252897.7	31608050.1	29786313	24444572	23686593.8	24053161.3	11229961	21390504	21076854	17924079	18385163	19391927	20148338	20531012	17428023.4	35381979	34845692	49211246	51042031	31531155	30480959	27070036	26876790	32582191	31399311	34601629	32953063	23230673	22575497	38966661	39184896	31346340	33754148	36039223	38036191.7
CHEBI:53577	C4H4N2O	Oc1ncccn1	"InChI=1S/C4H4N2O/c7-4-5-2-1-3-6-4/h1-3H,(H,5,6,7)"	2(1H)-Pyrimidinone	97				41.582												121490490.9	133035554	97316925.4	103442353	97056041.2	101242323	51229370.4	37854876	45051554	55553303.6	11742871.6	10981630	70003687	75068686	16488212	16912359	36867368	88551897	78778185	77666177.7	119364735	120243868	116184383	118810110	71386406	76688222	113005638	66973774	65343505	111230953	107849559	90439413	114564942	111333858	75335385	67996331	45519145	74130938	12651080	13799665.1
CHEBI:16335	C10H13N5O4	Nc1ncnc2n(cnc12)[C@@H]1O[C@H](CO)[C@@H](O)[C@H]1O	"InChI=1S/C10H13N5O4/c11-8-5-9(13-2-12-8)15(3-14-5)10-7(18)6(17)4(1-16)19-10/h2-4,6-7,10,16-18H,1H2,(H2,11,12,13)/t4-,6-,7-,10-/m1/s1"	Adenosine	192				44.149												281280290	284730387	220820649	217104362	196063632	186728493	270027144	295082556	167667605	157190722	259152589	242352798	163519099	160278220	223747103	234083623	146908697	132795447	130298488	131948071	153553432	156987849	127252091	120567066	164587625	180946218	171042936	168724626	164310038	158344800	169847229	166799252	193939557	188469864	183095164	192778074	187748264	193217410	141710569	154576396
CHEBI:17351	C18H32O2	CCCCC\C=C/C\C=C/CCCCCCCC(O)=O	"InChI=1S/C18H32O2/c1-2-3-4-5-6-7-8-9-10-11-12-13-14-15-16-17-18(19)20/h6-7,9-10H,2-5,8,11-17H2,1H3,(H,19,20)/b7-6-,10-9-"	Linoleic acid	220				44.815												142592602.5	146290399	118678858	115180408	82949756.8	79360891.9	53791429.1	62588339	53572197	52447481.4	47473108.9	44395624	218127587	213950994	53718510	55100380	45245113	45518252	141008935	145024032	315512343	321457366	149827716	146496792	172546733	188276185	159723915	160249451	97357782	101716188	201999615	200054118	160560514	156032212	221078070	231311033	161895480	172775220	157923348	172261125
CHEBI:30768	C3H6O2	CCC(O)=O	"InChI=1S/C3H6O2/c1-2-3(4)5/h2H2,1H3,(H,4,5)"	Propanoic acid	149				12												94113783.95	91980080.5	84951193.5	84404514.7	108418164	112845111	77701768.3	85251149	83446396	85649428.5	119948076	112172328	100170889	101955061	80099893	82160406	84136447	79345040	107251195	107372729	115261402	122490128	136302379	135561189	123199782	125406850	117433639	117326800	108890342	114447338	115620161	107520411	123763417	120272907	131517334	130208991	135245359	137631657	98357725	147798088
CHEBI:15756	C16H32O2	CCCCCCCCCCCCCCCC(O)=O	"InChI=1S/C16H32O2/c1-2-3-4-5-6-7-8-9-10-11-12-13-14-15-16(17)18/h2-15H2,1H3,(H,17,18)"	Hexadecanoic acid	87				28												809655043.7	854018627	803237736	802567356	873390822	883134160	766227503	845552257	892570102	875717323	732242936	684774654	1149000000	1138000000	827245193	848525481	904621707	935888622	996030863	997045861	1165000000	1177000000	998962529	1000000000	1220000000	1174000000	1043715450	1060000000	1132000000	1139000000	1295000000	1334000000	1047000000	1003000000	953380136	954116096	1190000000	1254000000	1579000000	1079901949
CHEBI:16414	C5H11NO2	CC(C)[C@H](N)C(O)=O	"InChI=1S/C5H11NO2/c1-3(2)4(6)5(7)8/h3-4H,6H2,1-2H3,(H,7,8)/t4-/m0/s1"	L-Valine	144				6												658765413.7	599437354	605132603	604639612	812788186	811250963	684702206	748234692	773676705	768600543	893886066	835939128	581196535	601074992	665213558	682325698	607869362	573252386	664007355	619309399	1038000000	1048000000	1044000000	1026000000	1216000000	1183000000	938861322	864195838	977943410	996374278	934190294	960112463	1124000000	1093000000	943765267	948065146	1300000000	1336000000	1040000000	1134938352
CHEBI:17191	C6H13NO2	OC([C@H]([C@H](CC)C)N)=O	"InChI=1S/C6H13NO2/c1-3-4(2)5(7)6(8)9/h4-5H,3,7H2,1-2H3,(H,8,9)/t4-,5-/m0/s1"	L-Isoleucine	85				8.6												720800191.2	705795215	875745966	941373172	821244723	865503110	782777218	873191653	782573479	770389870	1234897994	1155000000	864516366	863770237	974267958	999330282	546139745	505883404	807747041	839308152	410847148	399342633	567052494	533016786	537979769	550070149	686923691	722795817	549751434	488571972	462913582	442032369	592618060	563748160	651978677	644197546	620596553	638674662	512254512	633993736
CHEBI:15603	C6H13NO2	CC(C)C[C@H](N)C(O)=O	"InChI=1S/C6H13NO2/c1-4(2)3-5(7)6(8)9/h4-5H,3,7H2,1-2H3,(H,8,9)/t5-/m0/s1"	l-Leucine	147				8												1758664215	1856675871	1370968630	1471544672	1236774285	819990524	1719671010	861869103	1048000000	1176771132	1236403568	1156000000	991959168	1277000000	1854000000	1636000000	1861000000	1658000000	809843111	821653630	649323906	654243685	821740445	703350794	400431964	428145882	731682365	788292595	736892666	710139949	704497866	745251422	90768380	88208432	894054585	860523328	836059146	860413727	785038457	856311681
