database_identifier	chemical_formula	smiles	inchi	metabolite_identification	mass_to_charge	fragmentation	modifications	charge	retention_time	taxid	species	database	database_version	reliability	uri	search_engine	search_engine_score	smallmolecule_abundance_sub	smallmolecule_abundance_stdev_sub	smallmolecule_abundance_std_error_sub	T08R1	T08R2	T08R3	T10R1	T10R2	T10R3	T12R1	T12R2	T12R3	T14R1	T14R2	T14R3	T16R1	T16R2	T16R3	T18R1	T18R2	T18R3	T20R1	T20R2	T20R3	T22R1	T22R2	T22R3	T00R1	T00R2	T00R3	T02R1	T02R2	T02R3	T04R1	T04R2	T04R3	T06R1	T06R2	T06R3	RootR1	RootR2	RootR3	YoungTipR1	YoungTipR2	YoungTipR3	FlowerR1	FlowerR2	FlowerR3	StemR1	StemR2	StemR3
unknown				6.59 159 56 201 186	159	159/56/201/186			6.59	NCBITAXON:http://purl.bioontology.org/ontology/NCBITAXON/63787	Kalanchoe fedtschenkoi										340061	356730	352090	366990	359772	359110	363590	357976	356614	376557	387828	379444	357631	376765	392904	362493	387935	367451	363888	376758	362060	365446	364761	382384	382204	359120	352350	361668	356864	360810	375273	359965	349522	378303	361286	366840	522329	488479	491484	391382	359393	365138	372958	393307	363721	409341	367856	385258
CHEBI:139369	C2H7O3P	CCP(O)(O)=O	InChI=1S/C2H7O3P/c1-2-6(3,4)5/h2H2,1H3,(H2,3,4,5)	Ethylphosphonic acid, 2TMS derivative	211	211/255/133/270			7.79	NCBITAXON:http://purl.bioontology.org/ontology/NCBITAXON/63787	Kalanchoe fedtschenkoi	W10N14		5							205614	281917	570934	72775	96262	322752	174319	117150	142039	324798	229756	179460	283089	237035	196795	265489	286675	217457	193502	235557	119331	319464	270573	185519	171297	203486	173197	65553	349414	211422	348771	515227	208715	90500	229181	356620	3110935	3455463	3753466	1432153	905739	1313872	2399896	2415173	2330672	1281257	1053692	1279738
unknown				7.99 203 218	203	203/218			7.99	NCBITAXON:http://purl.bioontology.org/ontology/NCBITAXON/63787	Kalanchoe fedtschenkoi										975321	479265	872248	764912	598607	757652	813880	785994	663922	494285	891828	845695	905334	687618	634586	1108956	956854	998583	819028	631938	1204159	1098337	1093637	1126944	995144	1220791	1269150	1300556	1308733	1419095	1478644	1430801	1362401	1350366	1310764	1382710	631239	720214	906382	1693051	1451303	1241029	1454283	1528244	1364579	1627948	1290416	1312854
unknown	C9H27O4PSi3			Silanol, trimethyl-, phosphate (3:1)	299	299/314			8.14	NCBITAXON:http://purl.bioontology.org/ontology/NCBITAXON/63787	Kalanchoe fedtschenkoi	W10N14		5							1365473	1742694	4471585	672832	572253	1913553	711115	627990	622068	1168018	670234	730331	610158	695725	720560	731952	913531	783963	744391	867121	737239	1551095	1034289	951393	841312	1211089	980644	617711	2215465	1320274	2510997	4409110	1545379	813233	1667295	2356018	11667977	15291327	14043578	3732300	2268441	3285165	11245011	11110978	10951850	2857773	2617533	3099096
CHEBI:33508	C3H6O4	OCC(O)C(O)=O	InChI=1S/C3H6O4/c4-1-2(5)3(6)7/h2,4-5H,1H2,(H,6,7)	Glyceric acid, 3TMS derivative	292	147/189/292			8.52	NCBITAXON:http://purl.bioontology.org/ontology/NCBITAXON/63787	Kalanchoe fedtschenkoi	W10N14		5							2661031	597433	179061	233757	63361	324779	25260	54454	175865	344546	245006	96954	75533	148575	208141	103775	94208	50726	171202	110383	57685	498315	106200	91350	58120	186862	516689	36813	352628	399895	436470	477062	459037	108290	415585	498274	39071	39007	37526	8553817	8175102	6195481	1226836	1138621	1057973	13849	11286	11729
unknown				8.60 184 285 300	184	184/285/300			8.6	NCBITAXON:http://purl.bioontology.org/ontology/NCBITAXON/63787	Kalanchoe fedtschenkoi										523893	603135	574004	532215	624901	556071	488940	541954	620956	613111	686557	601294	731133	593914	635732	534827	602587	560703	649127	610308	597705	622635	573712	14341402	11041786	6030348	6414405	4074292	7671016	4563243	7547843	7861075	4545190	5967991	6434087	6488150	1253713	1193399	1338575	619389	7192809	9018981	3985086	3826919	3585126	3968817	4949495	6409762
CHEBI:6650	C4H6O5	OC(CC(O)=O)C(O)=O	InChI=1S/C4H6O5/c5-2(4(8)9)1-3(6)7/h2,5H,1H2,(H,6,7)(H,8,9)	Malic acid, 3TMS derivative	233	233/245			9.57	NCBITAXON:http://purl.bioontology.org/ontology/NCBITAXON/63787	Kalanchoe fedtschenkoi	W10N14		5							33667760	27274195	30162527	15317881	3792355	13399841	1049502	1364244	6740745	8484448	3074545	1775418	2178036	2486162	1183530	2014623	2016449	1077691	3656088	2636807	4434059	11945767	4221625	5441713	3855004	17972673	12524254	4709157	24994450	18389296	34128054	33907470	34281736	9216384	31131061	32806323	7094692	5909237	7107776	16923458	14573144	18917929	27192607	28408165	26754324	1809823	1543472	1707645
CHEBI:18183	C5H7NO3	OC(=O)[C@@H]1CCC(=O)N1	InChI=1S/C5H7NO3/c7-4-2-1-3(6-4)5(8)9/h3H,1-2H2,(H,6,7)(H,8,9)/t3-/m0/s1	L-Proline, 5-oxo-1-(trimethylsilyl)-, trimethylsilyl ester	156	156/230/258			9.84	NCBITAXON:http://purl.bioontology.org/ontology/NCBITAXON/63787	Kalanchoe fedtschenkoi	W10N14									179718	112431	194767	38825	23294	70423	20117	16662	35271	86838	33967	26116	18905	36639	17848	27348	33120	19934	30214	34237	43489	47212	33446	35931	29476	60622	43950	17429	90598	48139	164742	156313	143680	22606	85937	117795	366917	376153	411721	773292	497772	1062206	1381044	1314291	1244476	451506	385613	385055
CHEBI:16865	C4H9NO2	NCCCC(O)=O	InChI=1S/C4H9NO2/c5-3-1-2-4(6)7/h1-3,5H2,(H,6,7)	GABA	174				9.84	NCBITAXON:http://purl.bioontology.org/ontology/NCBITAXON/63787	Kalanchoe fedtschenkoi										59926	77136	112908	24358	16284	43898	7903	11912	19558	41705	23933	15061	19447	24903	9683	12217	14795	8924	16572	14603	11657	13971	7886	10561	12488	13032	19448	7624	25886	13364	51012	40933	52184	12608	27536	55745	68456	76985	84326	139190	129633	197538	252969	259213	260399	414082	313355	357680
unknown				9.98 98 288	98	98/288			9.98	NCBITAXON:http://purl.bioontology.org/ontology/NCBITAXON/63787	Kalanchoe fedtschenkoi										1251677	3127423	2189054	2960166	120691	3065024	3309261	570031	151152	1445595	35439	171151	21962	493832	2774607	1269399	2298937	1217305	55144	1424935	421846	698877	1304745	50697	1986338	1032452	1173474	30702	156416	85277	738552	515730	684971	153398	267606	418426	19045	0.0	17472	946976	20995	857467	7590	242850	247579	468594	150938	976493
CHEBI:32805	C6H6O6	OC(=O)CC(=CC(O)=O)C(O)=O	InChI=1S/C6H6O6/c7-4(8)1-3(6(11)12)2-5(9)10/h1H,2H2,(H,7,8)(H,9,10)(H,11,12)/b3-1-	Aconitic acid, (Z)-, 3TMS derivative	229				11.06	NCBITAXON:http://purl.bioontology.org/ontology/NCBITAXON/63787	Kalanchoe fedtschenkoi	W10N14									189180	254261	476898	143233	33268	133301	21940	12145	36069	36490	39162	21030	33085	44197	15270	34084	46065	17482	42575	36564	59467	86780	45217	47543	54092	112852	102162	35304	213301	178367	414283	361360	637965	53131	311576	585911	169966	159813	212667	29240	15642	29706	236471	293516	194327	19799	13892	18346
unknown				11.29 393 257 217	393	393/257/217			11.29	NCBITAXON:http://purl.bioontology.org/ontology/NCBITAXON/63787	Kalanchoe fedtschenkoi										5171	6663	12053	4103	3117	2272	2749	1768	4004	4998	4745	1640	3531	3728	1239	4306	2649	1976	6014	5637	459.91	3323	1341	1315	2382	1710	6671	2314	2761	1805	6516	3320	16248	1312	3242	5133	917470	898935	1025234	107710	42003	106519	542852	469729	453442	137565	97273	119206
unknown				11.29 397 425 471	397	397/425/471			11.29	NCBITAXON:http://purl.bioontology.org/ontology/NCBITAXON/63787	Kalanchoe fedtschenkoi										150972	412952	213989	344863	697973	331592	814145	714672	802724	816281	932706	881966	487446	1016053	1209202	747121	718898	884151	886064	1119548	473202	454665	586348	503835	507877	182764	254476	193079	164688	124096	164922	126919	129171	228715	192397	164573	27763	23754	27791	598964	488787	711205	323747	316311	303318	416597	427038	567179
CHEBI:28757	C6H12O6			Fructose 5TMS	437	217/437			11.44	NCBITAXON:http://purl.bioontology.org/ontology/NCBITAXON/63787	Kalanchoe fedtschenkoi	W10N14		5							441811	125945	98327	99664	24125	23692	29166	31736	35345	56472	105863	27629	19258	68326	65018	128118	41725	47439	93499	111270	4064	63325	9795	10334	15103	36806	175475	24284	46993	70864	97457	97524	406688	15424	160369	74610	7220659	5293839	6367084	3608862	1325351	4884735	15034078	8537555	11046020	484468	329946	401154
CHEBI:30769	C6H8O7	OC(=O)CC(O)(CC(O)=O)C(O)=O	InChI=1S/C6H8O7/c7-3(8)1-6(13,5(11)12)2-4(9)10/h13H,1-2H2,(H,7,8)(H,9,10)(H,11,12)	citric acid 4TMS derivative	273				11.49	NCBITAXON:http://purl.bioontology.org/ontology/NCBITAXON/63787	Kalanchoe fedtschenkoi	W10N14		5							8664845	12281980	22241136	4834154	1753349	4039384	1657793	916332	1941936	2524837	3047141	1493831	1759986	2773279	771894	2454595	2498252	1350813	2485912	2255592	1545232	2944109	1381939	2024269	2345284	4668494	4178824	2019754	8500132	7115378	20625978	17450498	27396312	2355275	14220546	24212882	7275746	5697192	6567504	2480379	1377416	4125860	13114648	15388289	11787391	1622331	1380123	1549095
CHEBI:37714	C6H12O6	OCC1(O)OC[C@@H](O)[C@@H](O)[C@@H]1O	InChI=1S/C6H12O6/c7-2-6(11)5(10)4(9)3(8)1-12-6/h3-5,7-11H,1-2H2/t3-,4-,5+,6?/m1/s1	D-(-)-Fructopyranose, 5TMS derivative (isomer 1)	437	204/437/217			11.56	NCBITAXON:http://purl.bioontology.org/ontology/NCBITAXON/63787	Kalanchoe fedtschenkoi	W10N14		5							396009	78186	78726	81605	18710	28495	27423	28582	33368	58592	76315	26518	14047	101550	58478	98406	27653	35885	63620	74283	3007	52630	8431	9708	10006	32726	103076	17261	31503	44816	63490	64782	199847	11501	122546	42890	2246711	1568005	1679927	1403668	667340	1910928	6995242	3325158	4910090	158824	121587	146563
CHEBI:28260	C6H12O6	C(C1C(C(C(C(O1)O)O)O)O)O	InChI=1S/C6H12O6/c7-1-2-3(8)4(9)5(10)6(11)12-2/h2-11H,1H2/t2?,3-,4-,5?,6?/m0/s1	Galactose 5TMS derivative	217	217/191/319			11.63	NCBITAXON:http://purl.bioontology.org/ontology/NCBITAXON/63787	Kalanchoe fedtschenkoi	W10N14		4							784123	392346	295293	156192	96982	91185	121800	91465	104027	144590	367586	132639	89766	212103	144015	302445	129591	96875	218213	199905	21054	163285	28720	27024	37289	52775	263164	46368	95234	95008	178809	155267	416799	37436	210456	153251	4048715	4102907	5460584	4334087	1730663	4932367	29289803	12667619	18547889	1808190	1271089	1639570
CHEBI:15903	C6H12O6	OC[C@H]1O[C@@H](O)[C@H](O)[C@@H](O)[C@@H]1O	InChI=1S/C6H12O6/c7-1-2-3(8)4(9)5(10)6(11)12-2/h2-11H,1H2/t2-,3-,4+,5-,6-/m1/s1	beta-D-Glucopyranose, 5TMS derivative	204	204/191			11.92	NCBITAXON:http://purl.bioontology.org/ontology/NCBITAXON/63787	Kalanchoe fedtschenkoi	W10N14									1132266	545876	648675	303763	216346	240207	305184	228597	268875	430530	915302	283225	181644	457798	377975	698638	274612	237109	468223	472643	53289	354172	80872	68594	74639	132651	544563	99223	142297	194459	317244	221912	749810	82271	374558	240329	17410107	15456933	17364905	9538935	4206810	12724947	85836410	37626478	59847725	2892155	2123091	2927356
CHEBI:30778	C7H6O5	OC(=O)c1cc(O)c(O)c(O)c1	InChI=1S/C7H6O5/c8-4-1-3(7(11)12)2-5(9)6(4)10/h1-2,8-10H,(H,11,12)	Gallic acid, 4TMS derivative	458	458/281			12.19	NCBITAXON:http://purl.bioontology.org/ontology/NCBITAXON/63787	Kalanchoe fedtschenkoi	W10N14									77333	161257	100876	127722	119052	93320	83642	76331	106288	128164	133011	87355	75246	126888	106219	115552	110234	101486	131222	146595	90720	122638	77881	92874	136615	87968	139817	124082	105395	106463	158833	109211	249411	155487	194386	241234	455565	448227	468007	1229401	827788	1850076	1944223	2115696	1920622	1442742	1308198	1279864
CHEBI:37661	C6H12O6			Glucopyranose, 5TMS derivative	204	207/191/217			12.3	NCBITAXON:http://purl.bioontology.org/ontology/NCBITAXON/63787	Kalanchoe fedtschenkoi	W10N14									1502898	658754	820006	391051	292730	337519	461538	295971	357622	610341	1276709	393488	265094	682944	518350	982074	399253	329795	653564	628312	83179	462286	108989	111829	108810	197756	727632	135115	200471	290353	369816	261198	924207	109582	481693	289441	29619336	26315813	28821410	14799670	6183812	20753299	102148822	58059475	81326343	3936209	2788041	3726287
CHEBI:15756	C16H32O2	CCCCCCCCCCCCCCCC(O)=O	InChI=1S/C16H32O2/c1-2-3-4-5-6-7-8-9-10-11-12-13-14-15-16(17)18/h2-15H2,1H3,(H,17,18)	Palmitic Acid, TMS derivative	313	313/117			12.55	NCBITAXON:http://purl.bioontology.org/ontology/NCBITAXON/63787	Kalanchoe fedtschenkoi	W10N14									177298	214061	202608	189065	347664	224503	222862	327181	338864	325734	312024	323409	482110	420970	343255	328096	313816	361371	439580	407613	307753	298032	363213	336802	269977	265422	259884	336040	280489	266735	261421	238225	265742	243336	246709	250804	443139	417561	421814	451038	536234	601137	641784	555684	542206	464577	449712	457093
unknown				12.62 539 449 359 217	539	539/449/359/217			12.62	NCBITAXON:http://purl.bioontology.org/ontology/NCBITAXON/63787	Kalanchoe fedtschenkoi										1496757	339713	32758	53734	6089	16698	2632	12470	7472	252999	15310	9224	12340	43601	56510	107974	18436	27700	41915	66009	505.3	147319	5608	18165	11632	59746	159565	13322	36490	71466	370507	261515	755470	25570	436690	181093	8814456	4383569	5749087	12414606	6894839	13519445	18312262	17924777	18505235	132078	81869	117895
CHEBI:139373	C12H14O5	OC(C(O)C(=O)/C=C/C1=CC=C(O)C=C1)CO	InChI=1S/C12H14O5/c13-7-11(16)12(17)10(15)6-3-8-1-4-9(14)5-2-8/h1-6,11-14,16-17H,7H2/b6-3+	p-coumaryl glycerol	442				12.78	NCBITAXON:http://purl.bioontology.org/ontology/NCBITAXON/63787	Kalanchoe fedtschenkoi			3							35538	79263	84486	231017	155318	82733	53305	37998	221840	368485	89092	23413	12180	115365	104607	230873	65455	72488	243770	375439	21244	96674	22122	14798	82117	26282	291055	70028	63610	7341	12414	7091	226662	32459	21414	15291	1559622	612505	599494	20693732	6744227	33940461	50539713	41940178	38857337	570837	391508	425504
CHEBI:17268	C6H12O6	O[C@H]1[C@H](O)[C@@H](O)[C@H](O)[C@H](O)[C@@H]1O	InChI=1S/C6H12O6/c7-1-2(8)4(10)6(12)5(11)3(1)9/h1-12H/t1-,2-,3-,4+,5-,6-	Myo-Inositol, 6TMS derivative	305	305/217/318			12.92	NCBITAXON:http://purl.bioontology.org/ontology/NCBITAXON/63787	Kalanchoe fedtschenkoi										20433	27030	64022	17456	19349	23810	21768	11499	21008	42318	38217	18492	26193	35754	12779	36787	38360	20026	29731	30439	10062	30341	16130	22231	28381	36838	31072	14879	28718	21175	65390	52706	92121	12696	55750	50450	1124330	896236	1183714	346521	193977	550980	934277	679945	709238	819983	694617	849571
CHEBI:17327	C20H40O	CC(C)CCC[C@@H](C)CCC[C@@H](C)CCCC(C)=CCO	InChI=1S/C20H40O/c1-17(2)9-6-10-18(3)11-7-12-19(4)13-8-14-20(5)15-16-21/h15,17-19,21H,6-14,16H2,1-5H3/b20-15+/t18-,19-/m1/s1	Phytol, TMS derivative	143	143/123			13.15	NCBITAXON:http://purl.bioontology.org/ontology/NCBITAXON/63787	Kalanchoe fedtschenkoi	W10N14									242492	1392873	1169694	1336988	1581893	1350633	1038488	1423641	1691549	1251242	2008912	1295846	1195711	1551861	1841549	1242546	886757	1261147	1887574	2134363	1061621	1073149	1396766	1024807	1213228	1053815	1338491	945951	1568997	797570	1032241	699121	1047695	1402186	971894	1159718	8317	11302	11485	375420	260776	339411	80500	46649	44144	332123	246290	297507
CHEBI:17351	C18H32O2	CCCCCC=C/CC=C/CCCCCCCC(O)=O	InChI=1S/C18H32O2/c1-2-3-4-5-6-7-8-9-10-11-12-13-14-15-16-17-18(19)20/h6-7,9-10H,2-5,8,11-17H2,1H3,(H,19,20)/b7-6-,10-9-	linoleic-acid TMS derivative	337				13.34	NCBITAXON:http://purl.bioontology.org/ontology/NCBITAXON/63787	Kalanchoe fedtschenkoi	W10N14									22794	35918	31130	26038	64811	33597	35148	67160	58255	65760	60075	69664	123270	86938	62906	57009	48377	76561	87480	80474	50063	50899	72558	68670	51008	43006	36682	67896	44175	40102	41270	38950	41950	39667	36392	35100	219959	205556	228413	110606	144418	153764	143452	122179	118978	132385	138131	137909
CHEBI:27432	C18H30O2	CCC=C/CC=C/CC=C/CCCCCCCC(O)=O	InChI=1S/C18H30O2/c1-2-3-4-5-6-7-8-9-10-11-12-13-14-15-16-17-18(19)20/h3-4,6-7,9-10H,2,5,8,11-17H2,1H3,(H,19,20)/b4-3-,7-6-,10-9-	alpha-Linolenic acid, TMS derivative	335	305/335			13.38	NCBITAXON:http://purl.bioontology.org/ontology/NCBITAXON/63787	Kalanchoe fedtschenkoi	W10N14									12574	19927	15115	13199	46712	17990	16364	40117	41153	33050	32667	38446	79610	48863	34738	27924	21360	34189	60880	48615	29399	24195	38789	34667	19518	17035	17249	32948	22469	19738	24109	22629	24831	20570	19674	17547	17205	8832	8404	16591	32826	31841	33631	24230	26299	14020	12771	9946
CHEBI:28842	C18H36O2	C(CCCCCCCCCC)CCCCCCC(=O)O	InChI=1S/C18H36O2/c1-2-3-4-5-6-7-8-9-10-11-12-13-14-15-16-17-18(19)20/h2-17H2,1H3,(H,19,20)	Stearic acid, TMS derivative	341	341/117/132			13.45	NCBITAXON:http://purl.bioontology.org/ontology/NCBITAXON/63787	Kalanchoe fedtschenkoi										57452	52171	52766	42528	70157	52562	49669	62778	65305	64602	61176	60418	73510	82671	70728	64487	71779	73789	76386	85725	67544	66685	74836	67072	59751	56088	52521	63262	60876	57190	59085	49147	59226	52787	52982	55368	80215	87045	82870	66663	66779	73258	109288	103343	108117	87839	76105	75295
CHEBI:29042	C6H13O9P	OC[C@H]1O[C@H](OP(O)(O)=O)[C@H](O)[C@@H](O)[C@@H]1O	InChI=1S/C6H13O9P/c7-1-2-3(8)4(9)5(10)6(14-2)15-16(11,12)13/h2-10H,1H2,(H2,11,12,13)/t2-,3-,4+,5-,6-/m1/s1	alpha-D-Glucose-1-phosphate 6TMS	299				13.45	NCBITAXON:http://purl.bioontology.org/ontology/NCBITAXON/63787	Kalanchoe fedtschenkoi										6737	11243	11459	8781	7074	7464	10848	7120	7242	14787	6257	8464	405.52	9723	8155	8777	9376	9242	8557	13764	10661	12270	7357	9201	9058	9641	9418	8760	9445	8118	11691	8913	13016	6564	8387	9087	24628	24361	26460	49163	39722	60528	39365	41418	37704	28751	24556	29413
CHEBI:62383	C6H13O9P	O[C@H]1[C@H](O)[C@@H](O)[C@@H](OP(O)(O)=O)[C@@H](O)[C@@H]1O	InChI=1S/C6H13O9P/c7-1-2(8)4(10)6(5(11)3(1)9)15-16(12,13)14/h1-11H,(H2,12,13,14)/t1-,2-,3+,4+,5-,6+	Myo-inositol-2-phosphate TMS derivative	318				14.37	NCBITAXON:http://purl.bioontology.org/ontology/NCBITAXON/63787	Kalanchoe fedtschenkoi										5870	14093	16359	12785	12095	13035	13819	11084	8673	18218	10248	9711	1564	9373	9897	8065	11780	12653	11759	16452	12060	14373	10936	12008	15610	10937	13055	13245	11903	10338	15899	12578	22920	11434	11278	16215	113165	111116	115269	85313	56424	82949	83071	76392	68831	48252	40301	45394
CHEBI:17992	C12H22O11	OC[C@H]1O[C@H](O[C@]2(CO)O[C@H](CO)[C@@H](O)[C@@H]2O)[C@H](O)[C@@H](O)[C@@H]1O	InChI=1S/C12H22O11/c13-1-4-6(16)8(18)9(19)11(21-4)23-12(3-15)10(20)7(17)5(2-14)22-12/h4-11,13-20H,1-3H2/t4-,5-,6-,7-,8+,9-,10+,11-,12+/m1/s1	Sucrose, 8TMS derivative	361	361/437/451			15.22	NCBITAXON:http://purl.bioontology.org/ontology/NCBITAXON/63787	Kalanchoe fedtschenkoi	W10N14									681170	531043	1654797	280721	216285	282812	171820	131530	300910	326193	439164	181746	198129	275871	137665	337530	264939	146889	282573	240919	111138	243953	97056	139975	150314	251977	248934	138855	213288	155523	681486	457608	1427067	109654	592486	538298	55847610	43772577	53989971	3971229	1619993	6817621	43181319	35564813	37576645	1696244	1233925	1388764
CHEBI:71225	C15H14O7	O[C@@H]1Cc2c(O)cc(O)cc2O[C@H]1c1cc(O)c(O)c(O)c1	InChI=1S/C15H14O7/c16-7-3-9(17)8-5-12(20)15(22-13(8)4-7)6-1-10(18)14(21)11(19)2-6/h1-4,12,15-21H,5H2/t12-,15+/m1/s1	gallocatechin 6 TMS derivative	456				16.13	NCBITAXON:http://purl.bioontology.org/ontology/NCBITAXON/63787	Kalanchoe fedtschenkoi										22150	35261	32988	23467	10318	12614	7922	8138	14309	17348	41133	17708	13839	17765	5939	13337	18471	7743	13228	9320	14241	22645	6724	21389	20061	9787	14084	6416	13722	26837	35213	10448	34205	8908	33375	44831	16606881	17703464	18098692	898032	393426	1312811	2453497	1995944	1814986	847689	770978	774015
unknown				16.20 456 297 355	456	456/297/355			16.2	NCBITAXON:http://purl.bioontology.org/ontology/NCBITAXON/63787	Kalanchoe fedtschenkoi										36590	144795	64893	93131	64674	27952	64348	52255	50981	95977	113258	52190	48799	79981	52285	110297	90078	75417	77578	91966	31995	90796	23174	64626	147850	24531	75899	60772	26232	65147	83106	22753	191746	51651	70812	150815	73878	96960	63542	2516670	1272456	3055223	1087073	939751	690998	5508998	4891684	4932302
unknown				16.26 456 297 355	456	456/297/355			16.26	NCBITAXON:http://purl.bioontology.org/ontology/NCBITAXON/63787	Kalanchoe fedtschenkoi										14368	51089	28149	21721	20058	14135	23640	14816	24700	67598	36820	16446	15107	26716	20076	29463	17868	20764	34353	52039	9940	27519	11137	16166	25919	11284	29436	11961	12508	12471	32190	10592	51753	13986	19674	48920	0.0	0.0	0	1110828	489641	1583977	1013209	1017833	797295	352970	298852	311112
CHEBI:22470	C29H50O2			alpha-Tocopherol, TMS derivative	502	502/237			17.09	NCBITAXON:http://purl.bioontology.org/ontology/NCBITAXON/63787	Kalanchoe fedtschenkoi	W10N14									42080	89019	105814	161122	246347	93111	204541	229003	196856	56891	167380	133369	90403	138275	236825	211999	171012	254062	169441	253753	101445	79627	84593	79599	184696	57109	117610	173374	49721	53277	45939	37454	340754	59988	73970	116293	193820	191218	236146	110018	100249	135729	191077	178582	171905	296653	225806	227375
CHEBI:28824	C29H48O	[H][C@@]1(CC[C@@]2([H])[C@]3([H])CC=C4C[C@@H](O)CC[C@]4(C)[C@@]3([H])CC[C@]12C)[C@H](C)C=C[C@@H](CC)C(C)C	InChI=1S/C29H48O/c1-7-21(19(2)3)9-8-20(4)25-12-13-26-24-11-10-22-18-23(30)14-16-28(22,5)27(24)15-17-29(25,26)6/h8-10,19-21,23-27,30H,7,11-18H2,1-6H3/b9-8+/t20-,21-,23+,24+,25-,26+,27+,28+,29-/m1/s1	Stigmasterol, TMS derivative	343	484/394			17.98	NCBITAXON:http://purl.bioontology.org/ontology/NCBITAXON/63787	Kalanchoe fedtschenkoi	W10N14									6195	6341	7058	8479	9788	7982	6149	7765	8023	6033	8862	6596	5177	5788	10115	9586	7909	8724	8262	10554	4836	6017	4800	4862	7317	5234	6871	6494	4976	5335	6121	5150	8234	5377	5498	5002	4753	5354	5641	31586	25037	31628	27197	27908	21618	33838	30433	35308
CHEBI:27693	C29H50O	[H][C@@]1(CC[C@@]2([H])[C@]3([H])CC=C4C[C@@H](O)CC[C@]4(C)[C@@]3([H])CC[C@]12C)[C@H](C)CC[C@@H](CC)C(C)C	InChI=1S/C29H50O/c1-7-21(19(2)3)9-8-20(4)25-12-13-26-24-11-10-22-18-23(30)14-16-28(22,5)27(24)15-17-29(25,26)6/h10,19-21,23-27,30H,7-9,11-18H2,1-6H3/t20-,21-,23+,24+,25-,26+,27+,28+,29-/m1/s1	beta-Sitosterol, TMS derivative	357				18.32	NCBITAXON:http://purl.bioontology.org/ontology/NCBITAXON/63787	Kalanchoe fedtschenkoi	W10N14									15727	18923	17897	17507	17924	17683	18069	19399	20583	18792	19220	18309	18366	16093	19488	17193	17655	17396	16690	18760	18009	18918	16816	16325	18455	18224	17013	16623	18088	16997	16716	16462	17663	16976	18208	17469	804069	816422	811699	27626	26697	27469	152603	151293	153077	88083	77152	82963
CHEBI:16521	C30H50O	C[C@H](CCC=C(C)C)[C@H]1CC[C@@]2(C)C3=C(CC[C@]12C)[C@@]1(C)CC[C@H](O)C(C)(C)[C@@H]1CC3	InChI=1S/C30H50O/c1-20(2)10-9-11-21(3)22-14-18-30(8)24-12-13-25-27(4,5)26(31)16-17-28(25,6)23(24)15-19-29(22,30)7/h10,21-22,25-26,31H,9,11-19H2,1-8H3/t21-,22-,25+,26+,28-,29-,30+/m1/s1	Lanosterol TMS derivative	393				18.74	NCBITAXON:http://purl.bioontology.org/ontology/NCBITAXON/63787	Kalanchoe fedtschenkoi			0							4485	9664	7682	7206	16464	6350	18182	20675	8297	9079	17459	16070	10284	18447	27589	11760	16209	39580	16174	21443	11521	11144	13585	7010	14296	7075	10848	9719	6142	6542	6330	7739	10849	9032	8257	7882	0.0	0.0	0	16086	17847	11917	72432	106169	92488	17919	17552	21356
CHEBI:28757	C6H12O6			Fructose 5TMS derivative	437	437/217			11.49	NCBITAXON:http://purl.bioontology.org/ontology/NCBITAXON/63787	Kalanchoe fedtschenkoi	W10N14		5							793087	211008	176655	158589	34034	43616	46965	47619	57524	95981	140760	44840	31193	101550	99681	196373	63413	69620	129779	158999	8114	96097	16222	19265	25272	63950	245541	36656	80704	102312	166352	158420	522805	21938	278362	109753	4810246	3503126	4102186	3119615	1528698	4648646	12536269	8716757	11064753	414658	311202	387221
CHEBI:18300	C4H4O4	OC(=O)C=C/C(O)=O	InChI=1S/C4H4O4/c5-3(6)1-2-4(7)8/h1-2H,(H,5,6)(H,7,8)/b2-1-	Maleic acid, diTMS	245				8.35	NCBITAXON:http://purl.bioontology.org/ontology/NCBITAXON/63787	Kalanchoe fedtschenkoi	W10N14		5							609972	302834	433644	176156	69757	144757	45280	39969	80575	78287	57617	41415	40478	48997	31761	38982	36884	29971	48776	39955	51514	111440	53679	63362	47251	151970	127172	54641	270963	168980	589324	649375	671381	108358	651920	550228	160088	116394	113518	302779	199335	523755	3029064	1970712	1558568	76659	67407	67709
CHEBI:18012	C4H4O4	OC(=O)C=CC(O)=O	InChI=1S/C4H4O4/c5-3(6)1-2-4(7)8/h1-2H,(H,5,6)(H,7,8)/b2-1+	Fumaric acid-DITMS	245				8.6	NCBITAXON:http://purl.bioontology.org/ontology/NCBITAXON/63787	Kalanchoe fedtschenkoi	W10N14									2497126	1288586	1481961	741134	301279	676881	235137	187188	287287	287277	206120	167652	174312	180611	138322	154838	154798	128905	200247	163839	206706	459256	210933	236549	209639	631378	492947	257916	1195400	758711	1975328	2659747	1993920	594142	1894515	1942884	516533	404149	342309	448411	437913	640157	1315459	1220446	897176	218716	212795	199977
CHEBI:15741	C4H6O4	OC(=O)CCC(O)=O	InChI=1S/C4H6O4/c5-3(6)1-2-4(7)8/h1-2H2,(H,5,6)(H,7,8)	Succinic acid TMS derivative	247	247/147			8.39	NCBITAXON:http://purl.bioontology.org/ontology/NCBITAXON/63787	Kalanchoe fedtschenkoi	W10N14									94307	55286	58756	33792	14043	30489	9915	9882	18547	18502	21330	12571	13563	14950	14639	18357	16288	13297	22838	24590	14020	43839	18448	18145	23314	53471	56745	26858	102872	65901	168382	145954	234748	46772	163016	160060	137637	120911	145302	162270	166576	217170	145166	140272	129510	28249	22770	28711
CHEBI:139374	C6H6O6	O1C(C(CC1=O)C(O)=O)C(O)=O	InChI=1S/C6H6O6/c7-3-1-2(5(8)9)4(12-3)6(10)11/h2,4H,1H2,(H,8,9)(H,10,11)	Isocitric lactone 2TMS	157	157/129/303			10.79	NCBITAXON:http://purl.bioontology.org/ontology/NCBITAXON/63787	Kalanchoe fedtschenkoi	W10N14									69237	79019	104680	55435	22139	69531	18148	10829	35060	17775	49542	16309	19927	37189	15448	23881	44633	18678	26579	25614	58723	40241	35381	29971	22160	41468	37221	14541	101600	85019	107991	99305	139980	21635	91762	128991	26601	22473	19655	9689	6554	7851	84169	92510	89261	7607	5943	6200
CHEBI:139374	C6H6O6	O1C(C(CC1=O)C(O)=O)C(O)=O	InChI=1S/C6H6O6/c7-3-1-2(5(8)9)4(12-3)6(10)11/h2,4H,1H2,(H,8,9)(H,10,11)	Isocitric lactone TMS derivative +97	157				10.93	NCBITAXON:http://purl.bioontology.org/ontology/NCBITAXON/63787	Kalanchoe fedtschenkoi										174193	304361	401137	155755	33934	160351	40695	26930	82590	50533	87769	42360	38384	44777	18863	35443	67769	25942	36310	37692	49061	57561	38162	39430	48459	105484	80778	28391	246169	209862	454111	368651	616765	53525	266207	576350	77072	59483	54630	19639	13540	22541	72543	71782	80478	12917	10498	10145
unknown				11.77 287 285	287	287/285			11.77	NCBITAXON:http://purl.bioontology.org/ontology/NCBITAXON/63787	Kalanchoe fedtschenkoi										47177	46556	46227	48107	46006	44486	45325	43602	45053	48852	46936	45302	44476	48087	49303	44258	44906	46845	46752	45902	44196	46563	45199	45670	44292	44449	43996	43455	46170	43948	48974	46882	46395	44800	47228	46854	53103	55059	55912	58714	49655	49846	58938	58201	53110	53278	46419	50238
CHEBI:30915	C5H6O5	OC(=O)CCC(=O)C(O)=O	InChI=1S/C5H6O5/c6-3(5(9)10)1-2-4(7)8/h1-2H2,(H,7,8)(H,9,10)	alpha-Ketoglutaric acid 4TMS	419	419/434			11.58	NCBITAXON:http://purl.bioontology.org/ontology/NCBITAXON/63787	Kalanchoe fedtschenkoi										266218	75618	90245	16548	928.6	11122	0	0	410.07	3483	545.38	0	0	1777	0	2717	1740	0	1964	635.7	0.0	16667	1165	663.41	4264	35702	13738	3943	50032	22700	263669	306502	158628	16448	246331	220511	5433	4896	4841	67465	105637	141574	167556	130146	136338	1490	1577	778.33
CHEBI:30915	C5H6O5	OC(=O)CCC(=O)C(O)=O	InChI=1S/C5H6O5/c6-3(5(9)10)1-2-4(7)8/h1-2H2,(H,7,8)(H,9,10)	alpha-Ketoglutaric acid 3TMS	347	347/318			10.27	NCBITAXON:http://purl.bioontology.org/ontology/NCBITAXON/63787	Kalanchoe fedtschenkoi										34459	17427	13808	5247	2139	4497	900.58	497.15	1319	3515	7230	2334	554.2	1515	427.88	1308	2497	1012	4114	2347	989.51	10172	3723	3159	2658	12353	5527	4465	27720	12378	57735	53284	28250	10364	49262	47420	11042	16459	18962	13016	23268	17829	18571	20380	18974	1067	1380	0.0
CHEBI:14336	C3H9O6P	OCC(O)COP(O)(O)=O	InChI=1S/C3H9O6P/c4-1-3(5)2-9-10(6,7)8/h3-5H,1-2H2,(H2,6,7,8)	Glycerol-3-phosphate, 4TMS	357				11.19	NCBITAXON:http://purl.bioontology.org/ontology/NCBITAXON/63787	Kalanchoe fedtschenkoi	W10N14									41097	73366	88307	58716	58224	66377	58767	58374	56792	93523	80448	69329	476.19	62829	74571	57546	56659	65321	69096	94373	53933	71712	70208	61959	72311	77400	68352	52342	86581	50514	94326	86667	78565	69170	55926	79793	40239	38486	43040	116906	81757	97378	58149	64637	57269	56027	47288	56604
CHEBI:17151	C5H12O5	OC[C@H](O)[C@@H](O)[C@H](O)CO	InChI=1S/C5H12O5/c6-1-3(8)5(10)4(9)2-7/h3-10H,1-2H2/t3-,4+,5+	Xylitol, 5TMS derivative	307				10.85	NCBITAXON:http://purl.bioontology.org/ontology/NCBITAXON/63787	Kalanchoe fedtschenkoi	W10N14									10488	8589	15129	8175	6721	5463	4177	5695	10789	6162	12408	6380	7068	8370	4489	6248	7177	5696	8337	8606	4302	4672	4521	3750	3968	6021	7597	3481	7580	5478	16591	13857	38792	1584	17182	15125	16222	16235	17808	30827	17011	33762	117506	98885	111175	9206	6997	8217
CHEBI:22605	C5H12O5			Arabitol, 5TMS derivative	307				10.97	NCBITAXON:http://purl.bioontology.org/ontology/NCBITAXON/63787	Kalanchoe fedtschenkoi	W10N14									4235	3250	6278	2175	672.6	984.12	847.6	457.12	1744	541.98	1796	484.45	407.5	1658	1081	2782	977.56	981.39	1902	1556	0.0	889.14	411.07	0.0	446.89	1454	1820	664.23	1333	1629	5810	4775	16834	0.0	6145	6464	2269	10019	9426	13153	6647	12832	35596	30732	29178	7304	4995	0.0
CHEBI:15963	C5H12O5	OC[C@H](O)[C@H](O)[C@H](O)CO	InChI=1S/C5H12O5/c6-1-3(8)5(10)4(9)2-7/h3-10H,1-2H2/t3-,4+,5-	Ribitol, 5TMS derivative	307	307/319/205/217			11.0	NCBITAXON:http://purl.bioontology.org/ontology/NCBITAXON/63787	Kalanchoe fedtschenkoi	W10N14									11152	5505	15757	4636	1508	2974	1548	1561	2409	1718	4436	1911	1975	3762	2562	6900	4970	2811	3898	4720	1051	3558	904.65	2542	3397	3469	5724	2704	4831	4195	12001	10396	35780	1030	10419	13643	9688	1550	1436	5889	4377	7477	25673	19448	16284	2254	1732	7158
