database_identifier	chemical_formula	smiles	inchi	metabolite_identification	mass_to_charge	fragmentation	modifications	charge	retention_time	taxid	species	database	database_version	reliability	uri	search_engine	search_engine_score	smallmolecule_abundance_sub	smallmolecule_abundance_stdev_sub	smallmolecule_abundance_std_error_sub	SAV_130416_120_To101	SAV_130416_109_To102	SAV_130416_022_To103	SAV_130416_079_To104	SAV_130416_108_To106	SAV_130416_135_To107	SAV_130416_055_To108	SAV_130416_179_To109	SAV_130416_084_To110	SAV_130416_110_To111	SAV_130416_190_To112	SAV_130416_180_To113	SAV_130416_137_To114	SAV_130416_051_To115	SAV_130416_112_To117	SAV_130416_082_To118	SAV_130416_187_To119	SAV_130416_153_To121	SAV_130416_033_To122	SAV_130416_066_To123	SAV_130416_081_To124	SAV_130416_134_To125	SAV_130416_168_To126	SAV_130416_059_To127	SAV_130416_027_To128	SAV_130416_021_To129	SAV_130416_181_To130	SAV_130416_067_To131	SAV_130416_091_To132	SAV_130416_155_To134	SAV_130416_012_To135	SAV_130416_011_To136	SAV_130416_034_To137	SAV_130416_009_To138	SAV_130416_175_To139	SAV_130416_047_To140	SAV_130416_076_To141	SAV_130416_159_To142	SAV_130416_157_To143	SAV_130416_038_To145	SAV_130416_077_To146	SAV_130416_174_To147	SAV_130416_205_To148
CHEBI:30776	C6H12O2	CCCCCC(O)=O	InChI=1S/C6H12O2/c1-2-3-4-5-6(7)8/h2-5H2,1H3,(H,7,8)	Hexanoic acid	60+73+87		1.789850012		22.96616667												33.24	19.99	58.17	23.76	17.99	8.24	43.59	17.58	9.71	21.99	31.04	28.16	13.13	92.44	11.18	19.76	27.58	13.38	23.76	46.94	29.29	15.37	26.99	13.47	38.31	34.35	14.97	19.52	10.57	10.38	20.4	19.7	25.09	21.36	12.73	15.13	11.36	13.51	7.7	19.64	13.39	11.63	11.05
CHEBI:43003	C7H16O	C(CCCCCC)O	InChI=1S/C7H16O/c1-2-3-4-5-6-7-8/h8H,2-7H2,1H3	Heptanol	56+70		2.397124421		15.2709												1.24	1.26	2.04	1.21	1.2	0.62	1.47	0.73	0.88	0.85	1.23	1.09	1.3	1.75	0.67	1.36	1.84	0.62	0.93	1.47	1.03	0.91	1.01	0.74	1.91	0.86	0.58	0.53	0.71	0.55	0.92	1.06	0.9	1.03	0.69	0.75	0.58	0.69	0.48	1.37	2.04	1.32	2.22
CHEBI:87393	C6H14O	CCCCCCO	InChI=1S/C6H14O/c1-2-3-4-5-6-7/h7H,2-6H2,1H3	Hexanol	56+69		2.338196052		13.00256667												24.44	10.36	30.24	16.54	9.27	17.19	43.67	19.32	9.58	34.67	43.12	34.5	17.03	56.75	11.11	10.55	24.32	4.81	10.92	28.06	19.26	46.93	38.66	26.56	81.96	31.32	14.88	20.43	18.03	6.31	14.33	11.71	27.3	12.71	6.62	10.93	4.09	6.3	5.7	6.47	3.36	4.26	9.67
CHEBI:144070	C6H12O	C(CC(=C(CO)[H])[H])C	InChI=1S/C6H12O/c1-2-3-4-5-6-7/h4-5,7H,2-3,6H2,1H3	2-Hexenol	57+82		2.310053781		14.206												5.86	2.88	7.87	3.93	1.99	4.36	12.57	7.87	3.54	11.7	16	12.62	6.09	23.71	7.9	9.14	22.05	4.68	16.03	34.69	23.53	105.69	70.11	38.66	143.47	80.21	44.59	44.15	26.41	19.89	48.38	38.68	77.64	36.96	21.87	28.61	9.92	20.08	15.74	16.69	6.15	8.96	23.55
CHEBI:145715	C6H12O	OCCC(=C(CC)[H])[H]	InChI=1S/C6H12O/c1-2-3-4-5-6-7/h3-4,7H,2,5-6H2,1H3	3-Hexenol	55+67+82		2.126117483		13.70273333												72.3	31.58	109.12	53.29	19.91	43.94	104.73	58.79	14.39	66.25	125.36	92.58	30.46	115.64	23.03	39.73	64.64	13.44	43.73	79.84	48.57	44.45	32.34	22	108.41	20.97	6.6	7.89	4.71	1.5	7.47	5.08	8.88	1.22	1.34	2.36	0.63	0.92	0.95	0.65	0.39	0.37	1.21
CHEBI:35986	C9H20O	CCCCCCCCCO	InChI=1S/C9H20O/c1-2-3-4-5-6-7-8-9-10/h10H,2-9H2,1H3	Nonanol	56+70+83+98		2.993204938		19.4286												8.05	6.64	10.07	7.29	7.22	1.77	6.15	3.16	4.23	4.2	7.03	4.15	3.86	5.75	2.79	4.82	5.36	1.97	2.47	4.73	6.93	2.81	3.79	2.57	6.64	3.45	2.87	3.15	3.49	2.46	3.25	4.5	2.85	3.72	2.39	2.95	2.29	3.56	2.47	4.44	6.97	4.45	6.08
CHEBI:16188	C8H18O	CCCCCCCCO	InChI=1S/C8H18O/c1-2-3-4-5-6-7-8-9/h9H,2-8H2,1H3	Octanol	56+70+84		2.123878246		17.41165												12.51	7.07	15.08	7.28	6.64	3.34	8.41	5.44	5.17	5.21	8.97	6.7	9.66	8.15	3.46	7.95	9.15	3.25	5.14	6.19	6.93	4.38	11.25	3.84	7	4.32	5.13	4.08	5.02	3.55	4.47	6.79	6.88	8.5	5.53	5.72	3.8	25.93	3.15	8.84	17.2	12.08	14.65
CHEBI:34118	C8H16O	CCCCCC(O)C=C	InChI=1S/C8H16O/c1-3-5-6-7-8(9)4-2/h4,8-9H,2-3,5-7H2,1H3	1-Octen-3-ol	57+72+85		1.957278867		15.17973333												8.98	5.52	16.31	8.2	5.36	3.35	11.16	11.87	5.87	5.56	11.98	11.35	9.25	14.7	4.32	7.11	13.62	3.23	7.56	8.32	7.89	12.65	12.22	9.05	17.31	17.58	13.6	13.5	8.98	7.88	13.05	9.45	9.41	12.09	7.11	8.8	8.28	13.48	7.92	18.51	20.52	11.49	23.35
CHEBI:17169	C7H6O	O=Cc1ccccc1	InChI=1S/C7H6O/c8-6-7-4-2-1-3-5-7/h1-6H	Benzaldehyde	77+105+106		1.831021757		16.70776667												11.43	11.81	30.63	14.08	9.9	5.97	21.1	10.95	9.74	10.86	18.51	14.16	15.34	25.14	9.4	17.63	24.75	8.09	15.7	22.67	25.26	9.82	12.14	8.81	29.22	19.56	7.74	10.84	9.92	6.28	12.8	12.77	11.3	12.43	6.27	8.66	7.91	7.12	5.67	14.05	14.82	7.13	14.97
CHEBI:132837	C7H10O	CC/C=C/C=C/C(=O)[H]	InChI=1S/C7H10O/c1-2-3-4-5-6-7-8/h3-7H,2H2,1H3/b4-3+,6-5+	(E,E)-2,4-Heptadienal	81+110		1.614503592		16.09503333												9.36	8.28	15.24	9.7	8.16	3.09	12.56	6.21	3.68	4.89	9.77	7.19	6.65	11.89	4.02	9.89	11.02	5.19	6.9	10.21	11.75	5.59	11	4.49	9.26	9.83	5.97	5.46	2.97	5.08	4.1	3.49	4.56	3.2	4.03	4.29	5.38	6.19	4.45	8.54	5.47	3.91	6.73
CHEBI:34787	C7H14O	O=CCCCCCC	InChI=1S/C7H14O/c1-2-3-4-5-6-7-8/h7H,2-6H2,1H3	Heptanal	55+70+86		3.315720065		8.764566667												2.02	3.61	9.04	6	4.49	1.59	5.35	3.58	3.29	3.92	6.16	4.29	4.9	8.91	2.96	5.33	7.15	3.26	5.71	4.71	3.48	4.58	5.89	3.72	6.03	6.63	5.08	4.82	5.94	4.99	6.11	5.92	10.63	11.11	5.12	6.76	4.84	5.36	3.93	12.32	17.07	7.74	18.32
CHEBI:61724	C7H12O	[H]C(=O)C([H])=C([H])CCCC	InChI=1S/C7H12O/c1-2-3-4-5-6-7-8/h5-7H,2-4H2,1H3	(E)-2-Heptenal	55+83+97		2.96933001		12.17												24.64	30.07	63.96	48.91	32.05	10.13	50.87	19.05	15.46	17.57	21.23	27.67	24.73	47.33	15.32	26.28	38.44	12.71	25.08	26.75	30.84	23.1	24.35	18.36	34.46	33.88	25.11	25.81	21.11	16.29	23.74	22.2	21.7	21.22	15.73	18.62	18.63	19.96	16.88	37.99	61.79	26.48	52.76
CHEBI:82334	C6H8O	C(/C=C/C=C/C)([H])=O	InChI=1S/C6H8O/c1-2-3-4-5-6-7/h2-6H,1H3/b3-2+,5-4+	(E,E)-2,4-Hexadienal	81+96		1.559926452		14.13306667												69.03	60.49	223.74	151.44	85.01	14.22	170.07	61.28	77.63	67.18	84.88	67.54	32.21	286.13	45.8	128.91	55	55.16	126	344.76	183.73	37.22	62.12	54.92	193.04	177.66	34.21	59.61	43.3	30.06	139.89	142.65	107.85	144.36	25.69	64.55	42.01	33.23	25.96	94.62	68.6	23.25	46.86
CHEBI:88528	C6H12O	C(CCC)CC([H])=O	InChI=1S/C6H12O/c1-2-3-4-5-6-7/h6H,2-5H2,1H3	Hexanal	72+82		10.45574631		6.215316667												443.73	479.95	1010.59	779.51	601.48	49.73	722.44	660.34	622.13	717.66	600.13	794.53	316.03	1678.11	452.96	781.01	548.22	712.02	550.8	1312.85	1071.35	313.08	1345.84	580.33	607.02	1086.79	627.85	729.73	915.7	750.6	653.18	674.07	798.54	610.29	439.85	654.47	609.21	558.84	479.07	903.8	590.48	483.9	599.36
CHEBI:28913	C6H10O	C(\CCC)=C/C=O	InChI=1S/C6H10O/c1-2-3-4-5-6-7/h4-6H,2-3H2,1H3/b5-4+	(E)-2-Hexenal	55+69+83+98		2.160836319		9.82585												136.8	105.52	207.2	108.92	107.64	31.54	173.92	107.49	78.13	97.39	168.99	153.3	83.27	232.11	75.24	105.58	153.82	161.8	133.91	236.47	152.93	153.15	336.67	160.67	366.47	307.02	202.8	177.88	124.81	179.59	196.24	202.5	218.39	174.06	142.03	158.26	122.78	140.98	120.81	195.96	167.69	135.26	257.04
CHEBI:84268	C9H18O	CCCCCCCCC=O	InChI=1S/C9H18O/c1-2-3-4-5-6-7-8-9-10/h9H,2-8H2,1H3	Nonanal	57+98+114		4.323996135		13.88868333												10.36	21.45	33.1	17.34	16.09	8.69	26.31	24.56	14.88	16.08	29.05	24.12	21.33	39.4	10.97	41.47	31.24	8.01	15.44	23.7	17.5	19.42	21.57	23.41	53.28	20.31	31.71	21.9	29.92	19.46	16.92	19.71	34.72	31.82	33.07	30.93	22.86	24.22	19.86	39.83	78.16	64.48	74.75
CHEBI:142592	C9H16O	CCCCCC/C=C/C(=O)[H]	InChI=1S/C9H16O/c1-2-3-4-5-6-7-8-9-10/h7-9H,2-6H2,1H3/b8-7+	(E)-2-Nonenal	83+96		6.599355202		16.95215												8.1	10.04	22.42	12.7	8.1	6.9	12.56	18.82	8.16	7.94	18.78	14	9.33	23.11	4.85	4.73	18.52	6.74	6.69	11.37	4.75	9.14	11.45	11.24	10.56	14.35	10.59	10.17	11.38	8.25	9.32	10.31	11.15	11.24	8.03	11.47	12.13	10.62	9.58	19.24	18.42	14.65	20.73
CHEBI:61748	C8H14O	[H]C(=O)\C=C\CCCCC	InChI=1S/C8H14O/c1-2-3-4-5-6-7-8-9/h6-8H,2-5H2,1H3/b7-6+	(E)-2-Octenal	55+70+83+97		2.406617916		14.68011667												12.87	15.82	34.87	30.66	19.85	7.19	30.25	14.01	10.61	10.1	16.22	18.31	14.17	27.42	9.21	21.37	26.06	6.64	10.22	13.74	20.14	11.67	14.34	10.64	15.26	13.34	13.76	13.78	12.9	10.54	11.58	10.36	10.49	10.5	11.89	12.37	14.09	14.5	11.8	25.17	42.23	20.46	34.69
CHEBI:156100	C5H8O	C(/C=C/CC)(=O)[H]	InChI=1S/C5H8O/c1-2-3-4-5-6/h3-5H,2H2,1H3/b4-3+	(E)-2-Pentenal	55+83+84		2.96933001		12.25863333												13.39	13.08	41.3	14.38	7.94	2.48	20.81	7.78	5.43	6.99	8.7	9.54	8.77	35.2	5.16	9.11	10.15	8.37	23.64	22.94	12.76	4.98	6.62	5.59	17.36	15.76	4.56	5.93	3.52	4.24	11.01	12.19	12.61	12.01	3.41	6.02	3.83	2.48	1.82	12.08	6.54	3.87	6.73
CHEBI:67251	C13H18O	C\C=C\C(=O)C1=C(C)C=CCC1(C)C	InChI=1S/C13H18O/c1-5-7-11(14)12-10(2)8-6-9-13(12,3)4/h5-8H,9H2,1-4H3/b7-5+	beta-Damascenone	69+121+190		2.074770083		22.37168333												13.96	6.62	16.08	2.58	8.72	3.39	9.75	5.54	6.09	4.54	5.75	7.03	4.81	18.41	4.15	6.79	4.73	4.51	4.16	22.46	6.15	4.29	0	0.83	5.03	3.79	3.72	2.49	1.66	0.55	0.89	1.11	0.79	1.37	2.6	0.5	0.34	7.01	0.18	0.5	1.85	0.75	2.12
CHEBI:32325	C13H20O	CC(=O)\C=C\C1=C(C)CCCC1(C)C	InChI=1S/C13H20O/c1-10-6-5-9-13(3,4)12(10)8-7-11(2)14/h7-8H,5-6,9H2,1-4H3/b8-7+	beta-Ionone	177		2.711864022		24.41043333												41.53	51.65	88.87	59.26	49.62	3.72	39.07	12.75	20.17	27.28	22.14	13.91	6.38	22.53	14.14	20.07	14.74	16.77	11.56	25.69	27.69	5.28	22.88	11.17	19.18	14.77	11.79	14.02	16.35	10.47	8.57	9.71	11.88	10.76	7.44	11.33	11.49	9.12	8.25	15.25	16.92	6.91	7.52
CHEBI:87546	C13H20O2	CC(=O)C=CC12OC1(C)CCCC2(C)C	InChI=1S/C13H20O2/c1-10(14)6-9-13-11(2,3)7-5-8-12(13,4)15-13/h6,9H,5,7-8H2,1-4H3	beta-Ionone-5-6-epoxide	123		3.388327512		25.30393333												4.41	5.05	14.58	9.02	3.91	0.5	8.41	2.91	2.58	4.12	3.16	3.14	2.49	8.13	1.72	3.63	4.23	3.04	5.6	4.83	6.81	3.22	7.61	5.79	13.11	10.17	6.83	8.28	4.16	6.71	7.63	7.47	12.5	10.01	4.85	8.6	7.08	6.8	4.83	11.9	6.6	5.49	3.55
CHEBI:53177	C10H16O	CC1=C(C=O)C(C)(C)CCC1	InChI=1S/C10H16O/c1-8-5-4-6-10(2,3)9(8)7-11/h7H,4-6H2,1-3H3	beta-Cyclocitral			2.421049795		18.61535												14.06	16.2	34.97	23.56	18.72	2.77	18.19	6.84	9.16	10.78	11.07	8.26	4.02	13.66	6.21	11.89	9.15	6.71	7.91	12.75	15.62	4.27	9.51	6.19	11.04	8.93	6.23	7.58	8.38	4.81	5.85	5.74	7.17	7.13	5.06	6.42	5.9	4.7	3.99	9.34	10.58	4.24	5.64
CHEBI:87510	C8H16O2	CCCCCCOC(C)=O	InChI=1S/C8H16O2/c1-3-4-5-6-7-10-8(2)9/h3-7H2,1-2H3	3-Hexenyl acetate	67+82		2.172104796		12.11643333												8.51	7.05	15.45	7.34	6.93	9.54	14.57	19.51	6.97	16.46	46.18	20.21	16.59	41.14	1.18	1.08	9.71	2.74	1.07	1.84	1.15	1.57	2.09	1.44	2.36	1.58	0.93	0.52	2.13	0.14	0.13	0.31	0.16	0.05	0.04	0.14	0.26	0.16	0.21	0.12	0.22	0.06	0.36
CHEBI:16310	C8H14O	CC(=CCCC(=O)C)C	InChI=1S/C8H14O/c1-7(2)5-4-6-8(3)9/h5H,4,6H2,1-3H3	6-Methyl-5-hepten-2-one	55+93+108		2.677025369		12.60146667												3.96	4.78	14.88	7.18	5.18	3.28	17.9	5.15	3.04	3.93	8.1	5.34	4.85	8.87	3.31	4.98	10.25	2.76	9.66	6.2	6.53	3.95	4.77	6.9	12.48	7.08	4.98	7.36	4.18	3.55	6.03	5.81	9.34	6.61	4.35	6.38	6.19	4.59	3.28	11.13	10.3	4.98	6.92
CHEBI:88900	C8H14O	CCCCCC(C=C)=O	InChI=1S/C8H14O/c1-3-5-6-7-8(9)4-2/h4H,2-3,5-7H2,1H3	1-Octen-3-one	55+70+83+97		1.438831358		11.73348333												2.19	5.13	13.12	12.88	5.97	1.74	12.35	7.51	5.06	4.26	6.29	8.86	7.84	16.23	3.61	8.17	9.71	2.77	6.33	6.47	7.1	5.52	6.69	7.2	9.65	10.95	8.99	8.81	7.81	7.36	9.49	8.83	10.07	11.12	7.52	8.99	8.79	8.97	8.22	19.34	25.2	12.75	21.62
CHEBI:10357	C15H24	[H][C@]12CC(C)(C)[C@]1([H])CC\C(C)=C\CCC2=C	InChI=1S/C15H24/c1-11-6-5-7-12(2)13-10-15(3,4)14(13)9-8-11/h6,13-14H,2,5,7-10H2,1,3-4H3/b11-6+/t13-,14-/m1/s1	trans-Caryophyllene	93+133+161+189		3.498581596		18												5.04	15.81	55.07	35.13	15.83	11.43	22.17	0	0	0	0	0	0	0	0	0	0	0	0	0	0	0	0	0	0	0	0	0	0	0	0	0	0	0	0	0	0	0	0	0	0	0	0
CHEBI:50462	C10H20O	CC(CCO)CCC=C(C)C	InChI=1S/C10H20O/c1-9(2)5-4-6-10(3)7-8-11/h5,10-11H,4,6-8H2,1-3H3	Citronellol	55+69+82+95+109+123		2.514392293		21.41266667												9.51	15.55	18.42	10.84	13.48	0.92	10.83	1.47	4.99	4.15	2.11	1.19	2.16	5.42	1.91	5.17	1.33	1.41	3.23	7.54	3.72	0.89	1.09	1.26	2.68	1.34	0.59	1.35	1.66	0.55	0.6	0.58	0.57	0.68	0.25	0.79	1.45	0.56	0.69	2.28	2.1	0.44	0.5
CHEBI:17447	C10H18O	CC(C)=CCC\C(C)=C\CO	InChI=1S/C10H18O/c1-9(2)5-4-6-10(3)7-8-11/h5,7,11H,4,6,8H2,1-3H3/b10-7+	Geraniol	69+93+123		2.44020602		22.85671667												14.82	22.17	20.47	9.64	15.1	1.43	15.62	1.66	4.27	4.37	2.96	2.2	2.64	7.73	1.87	4.82	1.65	2.02	1.72	6.24	4.03	1.15	4.44	2.29	2.27	4.09	3.81	4.25	2.54	7.62	2.72	3.24	6.29	6.85	6.29	4.6	23.55	11.67	10.89	17.42	9.42	5.38	6.07
CHEBI:67206	C13H22O	CC(=O)CC\C=C(/C)CCC=C(C)C	InChI=1S/C13H22O/c1-11(2)7-5-8-12(3)9-6-10-13(4)14/h7,9H,5-6,8,10H2,1-4H3/b12-9+	Geranyl acetone	69+107+125+136+151		2.229581397		23.00265												8.22	9.92	23.41	11.76	8.04	4.33	21.91	7.11	5.63	5.92	14.92	6.09	5.41	10.72	4.51	8.2	13.35	3.42	6.14	10.57	6.18	3.55	8.02	5.62	8.82	6.34	6.29	7.59	5.81	4.01	3.98	4.29	6.97	4.68	4.49	6.96	8.61	5.89	4.12	9.83	7.87	4.73	5.54
CHEBI:177384	C10H16O	OC(C/C=C/C(C)=C)(C)C=C	InChI=1S/C10H16O/c1-5-10(4,11)8-6-7-9(2)3/h5-7,11H,1-2,8H2,3-4H3/b7-6+	Hotrienol	67+71+82		1.605811722		18.48403333												27.77	23.75	70.22	7.36	12.9	18.32	45.25	24.98	5.26	42.08	101.5	40.29	2.73	56.65	8.21	8.39	46.32	15.31	13.51	44.7	13.39	11.13	10.48	2.9	19.09	11.26	19.1	6.72	1.6	5.11	4.94	4.85	21.14	16.25	28.55	4.5	4.88	3.5	1.64	11.49	11.01	17.36	20.74
CHEBI:49311	C15H24	[H]C1=C([H])C(C)(C)CC=C(C)CCC=C(C)C1	InChI=1S/C15H24/c1-13-7-5-8-14(2)10-12-15(3,4)11-6-9-13/h6-7,10-11H,5,8-9,12H2,1-4H3	alpha-Humulene	93+121+147		2.283513685		19.43												15.46	37.45	119.74	79.47	34.89	24.34	49.59	0	0	0	0	0	0	0	0	0	0	0	0	0	0	0	0	0	0	0	0	0	0	0	0	0	0	0	0	0	0	0	0	0	0	0	0
CHEBI:17580	C10H18O	CC(C)=CCCC(C)(O)C=C	InChI=1S/C10H18O/c1-5-10(4,11)8-6-7-9(2)3/h5,7,11H,1,6,8H2,2-4H3	Linalool	71+83+121		2.263115442		17.22933333												12.49	10.91	17.36	5.81	11.63	4.84	13.6	4.28	3.04	4.7	8.63	6.11	2.19	12.66	1.9	3.84	5.5	2.33	2.18	8.42	3.93	7.59	6.17	1.57	4.85	13.66	17.88	8.68	2.43	20.25	12.44	12.53	101.53	107.4	68.36	23.62	27.84	21.91	7.7	142.72	129.77	71.14	118.04
CHEBI:88534	C10H18O2	C=CC1(C)CCC(C(C)(C)O)O1	InChI=1S/C10H18O2/c1-5-10(4)7-6-8(12-10)9(2,3)11/h5,8,11H,1,6-7H2,2-4H3	Linalool oxA	59+94+111		2.650940843		14.939												6.35	2.98	10.17	1.38	1.32	3.06	4.17	5.99	0.59	3.98	20.79	11.83	0.7	6.74	0.97	0.89	5.28	1.89	1.8	3.9	1.16	3.48	2.47	0.31	1.73	2.05	3.62	0.99	0.27	0.83	0.96	0.94	4.79	3.39	3.68	0.77	0.88	0.99	0.5	7.6	1.95	3.38	4.75
CHEBI:88534	C10H18O2	C=CC1(C)CCC(C(C)(C)O)O1	InChI=1S/C10H18O2/c1-5-10(4)7-6-8(12-10)9(2,3)11/h5,8,11H,1,6-7H2,2-4H3	Linalool oxB	59+94+111		2.650940843		15.56266667												9.76	4.54	11.66	2.48	3.43	4.86	8.02	5.13	1.03	3.37	12.1	11.94	1.8	15.14	0.59	0.54	2.06	0.67	0.54	1.55	0.52	0.97	0.84	0.1	0.85	0.45	0.75	0.22	0.08	0.25	0.29	0.37	0.82	0.72	0.83	0.15	0.11	0.54	0.11	0.54	0.34	0.7	0.89
CHEBI:29452	C10H18O	C(=C\CO)(\CCC=C(C)C)/C	InChI=1S/C10H18O/c1-9(2)5-4-6-10(3)7-8-11/h5,7,11H,4,6,8H2,1-3H3/b10-7-	Nerol	69+93+121+139		2.651212547		22.02163333												1.63	2.21	2.68	1.64	2.35	0.43	1.85	0.32	0.73	1.07	0.38	0.65	0.57	1.46	0.31	1.21	0.71	0.15	0.64	1.17	0.35	0.18	0.92	0.26	0.67	0.43	0.61	0.33	0.38	0.57	0.48	0.6	1.29	1.5	1.5	0.44	1.21	1.08	0.6	1.66	2.74	1.62	2.15
CHEBI:22469	C10H18O	CC1=CCC(CC1)C(C)(C)O	InChI=1S/C10H18O/c1-8-4-6-9(7-5-8)10(2,3)11/h4,9,11H,5-7H2,1-3H3	alpha-Terpineol	59+93+121+136		1.677010047		20.12156667												1.14	2.01	3.05	0.46	1.28	1.58	1.82	1.09	0.32	1.15	3.67	2.03	0.58	1.95	0.37	0.36	1.56	0.68	0.47	1.4	0.53	2.17	1.99	0.1	0.78	1.3	3	0.67	0.18	2.07	1.58	1.15	11.25	12.83	13.38	1.62	2.18	3.24	0.56	5.13	15.67	11.26	16.67
