bin,n,p_mean,frac_positives,protocol,seed,model
0.0-0.1,378,0.06142668428005284,0.09788359788359788,scaffold_identity,0,prior
0.1-0.2,0,,,scaffold_identity,0,prior
0.2-0.3,0,,,scaffold_identity,0,prior
0.3-0.4,0,,,scaffold_identity,0,prior
0.4-0.5,0,,,scaffold_identity,0,prior
0.5-0.6,0,,,scaffold_identity,0,prior
0.6-0.7,0,,,scaffold_identity,0,prior
0.7-0.8,0,,,scaffold_identity,0,prior
0.8-0.9,0,,,scaffold_identity,0,prior
0.9-1.0,0,,,scaffold_identity,0,prior
0.0-0.1,358,0.002121853935436318,0.05865921787709497,scaffold_identity,0,lgbm_raw_single
0.1-0.2,3,0.14414923059210227,0.6666666666666666,scaffold_identity,0,lgbm_raw_single
0.2-0.3,3,0.25596055314986627,0.3333333333333333,scaffold_identity,0,lgbm_raw_single
0.3-0.4,0,,,scaffold_identity,0,lgbm_raw_single
0.4-0.5,0,,,scaffold_identity,0,lgbm_raw_single
0.5-0.6,3,0.5572186324286211,1.0,scaffold_identity,0,lgbm_raw_single
0.6-0.7,0,,,scaffold_identity,0,lgbm_raw_single
0.7-0.8,0,,,scaffold_identity,0,lgbm_raw_single
0.8-0.9,0,,,scaffold_identity,0,lgbm_raw_single
0.9-1.0,11,0.9996139673200829,0.9090909090909091,scaffold_identity,0,lgbm_raw_single
0.0-0.1,355,0.0016821047346547763,0.05352112676056338,scaffold_identity,0,lgbm_raw_ensemble
0.1-0.2,3,0.1416884232784085,1.0,scaffold_identity,0,lgbm_raw_ensemble
0.2-0.3,6,0.2541528818449326,0.5,scaffold_identity,0,lgbm_raw_ensemble
0.3-0.4,3,0.3645720864642148,0.6666666666666666,scaffold_identity,0,lgbm_raw_ensemble
0.4-0.5,0,,,scaffold_identity,0,lgbm_raw_ensemble
0.5-0.6,0,,,scaffold_identity,0,lgbm_raw_ensemble
0.6-0.7,1,0.6667755207233156,0.0,scaffold_identity,0,lgbm_raw_ensemble
0.7-0.8,0,,,scaffold_identity,0,lgbm_raw_ensemble
0.8-0.9,1,0.8968250465971229,1.0,scaffold_identity,0,lgbm_raw_ensemble
0.9-1.0,9,0.9937266462400408,1.0,scaffold_identity,0,lgbm_raw_ensemble
0.0-0.1,332,0.030025004956614986,0.04819277108433735,scaffold_identity,0,lgbm_sigmoid_ensemble
0.1-0.2,20,0.14553408147499833,0.1,scaffold_identity,0,lgbm_sigmoid_ensemble
0.2-0.3,5,0.23846487720577797,0.6,scaffold_identity,0,lgbm_sigmoid_ensemble
0.3-0.4,10,0.32201615863135824,0.6,scaffold_identity,0,lgbm_sigmoid_ensemble
0.4-0.5,0,,,scaffold_identity,0,lgbm_sigmoid_ensemble
0.5-0.6,0,,,scaffold_identity,0,lgbm_sigmoid_ensemble
0.6-0.7,2,0.6513111947795194,0.5,scaffold_identity,0,lgbm_sigmoid_ensemble
0.7-0.8,1,0.7760964225407729,1.0,scaffold_identity,0,lgbm_sigmoid_ensemble
0.8-0.9,6,0.8664714742488228,1.0,scaffold_identity,0,lgbm_sigmoid_ensemble
0.9-1.0,2,0.9146370788010851,1.0,scaffold_identity,0,lgbm_sigmoid_ensemble
0.0-0.1,295,0.024507785670472276,0.05084745762711865,scaffold_identity,0,logistic_raw_ensemble
0.1-0.2,39,0.1437592517571409,0.05128205128205128,scaffold_identity,0,logistic_raw_ensemble
0.2-0.3,11,0.24703726717284102,0.2727272727272727,scaffold_identity,0,logistic_raw_ensemble
0.3-0.4,11,0.3387114059384287,0.09090909090909091,scaffold_identity,0,logistic_raw_ensemble
0.4-0.5,3,0.4417608865714948,0.0,scaffold_identity,0,logistic_raw_ensemble
0.5-0.6,4,0.5235085394319023,0.75,scaffold_identity,0,logistic_raw_ensemble
0.6-0.7,2,0.6625956729334972,0.0,scaffold_identity,0,logistic_raw_ensemble
0.7-0.8,3,0.705749236931653,1.0,scaffold_identity,0,logistic_raw_ensemble
0.8-0.9,3,0.8538499281278739,1.0,scaffold_identity,0,logistic_raw_ensemble
0.9-1.0,7,0.9325416392408018,1.0,scaffold_identity,0,logistic_raw_ensemble
0.0-0.1,332,0.029366285801195515,0.05120481927710843,scaffold_identity,0,logistic_sigmoid_ensemble
0.1-0.2,25,0.13365538202979968,0.16,scaffold_identity,0,logistic_sigmoid_ensemble
0.2-0.3,7,0.23891044761422614,0.42857142857142855,scaffold_identity,0,logistic_sigmoid_ensemble
0.3-0.4,3,0.33350339569634285,1.0,scaffold_identity,0,logistic_sigmoid_ensemble
0.4-0.5,2,0.45376122586112355,0.5,scaffold_identity,0,logistic_sigmoid_ensemble
0.5-0.6,5,0.5609952557628548,1.0,scaffold_identity,0,logistic_sigmoid_ensemble
0.6-0.7,4,0.6505170912391227,1.0,scaffold_identity,0,logistic_sigmoid_ensemble
0.7-0.8,0,,,scaffold_identity,0,logistic_sigmoid_ensemble
0.8-0.9,0,,,scaffold_identity,0,logistic_sigmoid_ensemble
0.9-1.0,0,,,scaffold_identity,0,logistic_sigmoid_ensemble
0.0-0.1,378,0.07067371202113605,0.06084656084656084,scaffold_identity,1,prior
0.1-0.2,0,,,scaffold_identity,1,prior
0.2-0.3,0,,,scaffold_identity,1,prior
0.3-0.4,0,,,scaffold_identity,1,prior
0.4-0.5,0,,,scaffold_identity,1,prior
0.5-0.6,0,,,scaffold_identity,1,prior
0.6-0.7,0,,,scaffold_identity,1,prior
0.7-0.8,0,,,scaffold_identity,1,prior
0.8-0.9,0,,,scaffold_identity,1,prior
0.9-1.0,0,,,scaffold_identity,1,prior
0.0-0.1,346,0.004211751585632334,0.03468208092485549,scaffold_identity,1,lgbm_raw_single
0.1-0.2,7,0.15511413236787241,0.14285714285714285,scaffold_identity,1,lgbm_raw_single
0.2-0.3,4,0.25119696690492566,0.0,scaffold_identity,1,lgbm_raw_single
0.3-0.4,2,0.322890450508459,0.0,scaffold_identity,1,lgbm_raw_single
0.4-0.5,2,0.44753489219899184,0.5,scaffold_identity,1,lgbm_raw_single
0.5-0.6,1,0.5504964925557013,1.0,scaffold_identity,1,lgbm_raw_single
0.6-0.7,1,0.6983451029842317,0.0,scaffold_identity,1,lgbm_raw_single
0.7-0.8,0,,,scaffold_identity,1,lgbm_raw_single
0.8-0.9,3,0.8480431376488657,0.6666666666666666,scaffold_identity,1,lgbm_raw_single
0.9-1.0,12,0.9719757035189193,0.5,scaffold_identity,1,lgbm_raw_single
0.0-0.1,338,0.0032646898608915775,0.023668639053254437,scaffold_identity,1,lgbm_raw_ensemble
0.1-0.2,8,0.1257818645884985,0.375,scaffold_identity,1,lgbm_raw_ensemble
0.2-0.3,8,0.25443582982708357,0.25,scaffold_identity,1,lgbm_raw_ensemble
0.3-0.4,9,0.33722153932280347,0.3333333333333333,scaffold_identity,1,lgbm_raw_ensemble
0.4-0.5,5,0.45779119069410285,0.0,scaffold_identity,1,lgbm_raw_ensemble
0.5-0.6,2,0.5344862493025869,0.5,scaffold_identity,1,lgbm_raw_ensemble
0.6-0.7,3,0.6592436261330735,0.3333333333333333,scaffold_identity,1,lgbm_raw_ensemble
0.7-0.8,1,0.7904243810171625,1.0,scaffold_identity,1,lgbm_raw_ensemble
0.8-0.9,0,,,scaffold_identity,1,lgbm_raw_ensemble
0.9-1.0,4,0.981894670609118,1.0,scaffold_identity,1,lgbm_raw_ensemble
0.0-0.1,294,0.038272699098743354,0.013605442176870748,scaffold_identity,1,lgbm_sigmoid_ensemble
0.1-0.2,50,0.14475767584686663,0.1,scaffold_identity,1,lgbm_sigmoid_ensemble
0.2-0.3,16,0.25165687810570014,0.3125,scaffold_identity,1,lgbm_sigmoid_ensemble
0.3-0.4,9,0.3371082014679293,0.2222222222222222,scaffold_identity,1,lgbm_sigmoid_ensemble
0.4-0.5,3,0.4633729487499237,0.6666666666666666,scaffold_identity,1,lgbm_sigmoid_ensemble
0.5-0.6,2,0.5298603884927747,0.5,scaffold_identity,1,lgbm_sigmoid_ensemble
0.6-0.7,1,0.6488876325550741,1.0,scaffold_identity,1,lgbm_sigmoid_ensemble
0.7-0.8,2,0.7651731239516683,1.0,scaffold_identity,1,lgbm_sigmoid_ensemble
0.8-0.9,1,0.8955139781264704,1.0,scaffold_identity,1,lgbm_sigmoid_ensemble
0.9-1.0,0,,,scaffold_identity,1,lgbm_sigmoid_ensemble
0.0-0.1,254,0.02326201152283897,0.003937007874015748,scaffold_identity,1,logistic_raw_ensemble
0.1-0.2,48,0.14387038758683246,0.08333333333333333,scaffold_identity,1,logistic_raw_ensemble
0.2-0.3,17,0.24520395410290496,0.23529411764705882,scaffold_identity,1,logistic_raw_ensemble
0.3-0.4,15,0.3432118082075672,0.26666666666666666,scaffold_identity,1,logistic_raw_ensemble
0.4-0.5,13,0.44497802807582154,0.0,scaffold_identity,1,logistic_raw_ensemble
0.5-0.6,14,0.5532285564315562,0.07142857142857142,scaffold_identity,1,logistic_raw_ensemble
0.6-0.7,7,0.6475971691803563,0.2857142857142857,scaffold_identity,1,logistic_raw_ensemble
0.7-0.8,2,0.7545662802468225,0.0,scaffold_identity,1,logistic_raw_ensemble
0.8-0.9,3,0.8463849351158271,0.6666666666666666,scaffold_identity,1,logistic_raw_ensemble
0.9-1.0,5,0.9425490740690947,1.0,scaffold_identity,1,logistic_raw_ensemble
0.0-0.1,289,0.03430231225321398,0.01730103806228374,scaffold_identity,1,logistic_sigmoid_ensemble
0.1-0.2,50,0.13910116154094296,0.16,scaffold_identity,1,logistic_sigmoid_ensemble
0.2-0.3,22,0.2416356667442848,0.045454545454545456,scaffold_identity,1,logistic_sigmoid_ensemble
0.3-0.4,5,0.3230128149235518,0.2,scaffold_identity,1,logistic_sigmoid_ensemble
0.4-0.5,5,0.4476011802531743,0.6,scaffold_identity,1,logistic_sigmoid_ensemble
0.5-0.6,4,0.5446253319013914,0.5,scaffold_identity,1,logistic_sigmoid_ensemble
0.6-0.7,2,0.6070533795375459,1.0,scaffold_identity,1,logistic_sigmoid_ensemble
0.7-0.8,1,0.7831603076191141,1.0,scaffold_identity,1,logistic_sigmoid_ensemble
0.8-0.9,0,,,scaffold_identity,1,logistic_sigmoid_ensemble
0.9-1.0,0,,,scaffold_identity,1,logistic_sigmoid_ensemble
0.0-0.1,378,0.06010568031704096,0.10317460317460317,scaffold_identity,2,prior
0.1-0.2,0,,,scaffold_identity,2,prior
0.2-0.3,0,,,scaffold_identity,2,prior
0.3-0.4,0,,,scaffold_identity,2,prior
0.4-0.5,0,,,scaffold_identity,2,prior
0.5-0.6,0,,,scaffold_identity,2,prior
0.6-0.7,0,,,scaffold_identity,2,prior
0.7-0.8,0,,,scaffold_identity,2,prior
0.8-0.9,0,,,scaffold_identity,2,prior
0.9-1.0,0,,,scaffold_identity,2,prior
0.0-0.1,354,0.002181195137846569,0.07627118644067797,scaffold_identity,2,lgbm_raw_single
0.1-0.2,1,0.1135435256150601,0.0,scaffold_identity,2,lgbm_raw_single
0.2-0.3,3,0.22451495836516322,0.0,scaffold_identity,2,lgbm_raw_single
0.3-0.4,1,0.3206088942794405,0.0,scaffold_identity,2,lgbm_raw_single
0.4-0.5,1,0.46051297202424546,1.0,scaffold_identity,2,lgbm_raw_single
0.5-0.6,1,0.5480222124085454,0.0,scaffold_identity,2,lgbm_raw_single
0.6-0.7,2,0.6445736553971484,0.5,scaffold_identity,2,lgbm_raw_single
0.7-0.8,1,0.7612400416710728,0.0,scaffold_identity,2,lgbm_raw_single
0.8-0.9,5,0.8542034053344766,0.2,scaffold_identity,2,lgbm_raw_single
0.9-1.0,9,0.9875281136395478,1.0,scaffold_identity,2,lgbm_raw_single
0.0-0.1,353,0.002352067455335047,0.0764872521246459,scaffold_identity,2,lgbm_raw_ensemble
0.1-0.2,5,0.15562141320513478,0.2,scaffold_identity,2,lgbm_raw_ensemble
0.2-0.3,1,0.2822810053231833,0.0,scaffold_identity,2,lgbm_raw_ensemble
0.3-0.4,3,0.32525336221484924,0.3333333333333333,scaffold_identity,2,lgbm_raw_ensemble
0.4-0.5,2,0.4259807309602368,0.0,scaffold_identity,2,lgbm_raw_ensemble
0.5-0.6,1,0.5269558777942284,0.0,scaffold_identity,2,lgbm_raw_ensemble
0.6-0.7,7,0.6550611982119664,0.5714285714285714,scaffold_identity,2,lgbm_raw_ensemble
0.7-0.8,1,0.71588281831424,1.0,scaffold_identity,2,lgbm_raw_ensemble
0.8-0.9,0,,,scaffold_identity,2,lgbm_raw_ensemble
0.9-1.0,5,0.9972277667561406,1.0,scaffold_identity,2,lgbm_raw_ensemble
0.0-0.1,309,0.030997942393370035,0.07119741100323625,scaffold_identity,2,lgbm_sigmoid_ensemble
0.1-0.2,38,0.1380236806009244,0.13157894736842105,scaffold_identity,2,lgbm_sigmoid_ensemble
0.2-0.3,9,0.25169221165759886,0.1111111111111111,scaffold_identity,2,lgbm_sigmoid_ensemble
0.3-0.4,4,0.3399911416413288,0.0,scaffold_identity,2,lgbm_sigmoid_ensemble
0.4-0.5,5,0.4502378743237284,0.2,scaffold_identity,2,lgbm_sigmoid_ensemble
0.5-0.6,5,0.5447965046525974,0.4,scaffold_identity,2,lgbm_sigmoid_ensemble
0.6-0.7,1,0.600673799594856,1.0,scaffold_identity,2,lgbm_sigmoid_ensemble
0.7-0.8,2,0.7363860243727921,1.0,scaffold_identity,2,lgbm_sigmoid_ensemble
0.8-0.9,2,0.8575822892255524,1.0,scaffold_identity,2,lgbm_sigmoid_ensemble
0.9-1.0,3,0.9267036763828965,1.0,scaffold_identity,2,lgbm_sigmoid_ensemble
0.0-0.1,269,0.022949593320711812,0.06691449814126393,scaffold_identity,2,logistic_raw_ensemble
0.1-0.2,43,0.14426701496441663,0.09302325581395349,scaffold_identity,2,logistic_raw_ensemble
0.2-0.3,22,0.25531847321740336,0.13636363636363635,scaffold_identity,2,logistic_raw_ensemble
0.3-0.4,14,0.3515855960837021,0.21428571428571427,scaffold_identity,2,logistic_raw_ensemble
0.4-0.5,8,0.43866589652106514,0.0,scaffold_identity,2,logistic_raw_ensemble
0.5-0.6,5,0.5392146813012081,0.2,scaffold_identity,2,logistic_raw_ensemble
0.6-0.7,6,0.65167475803062,0.3333333333333333,scaffold_identity,2,logistic_raw_ensemble
0.7-0.8,1,0.7249297500215021,0.0,scaffold_identity,2,logistic_raw_ensemble
0.8-0.9,2,0.8540463076669017,0.5,scaffold_identity,2,logistic_raw_ensemble
0.9-1.0,8,0.9509020130425855,0.875,scaffold_identity,2,logistic_raw_ensemble
0.0-0.1,308,0.027051884076486503,0.06818181818181818,scaffold_identity,2,logistic_sigmoid_ensemble
0.1-0.2,39,0.1436975593648583,0.1794871794871795,scaffold_identity,2,logistic_sigmoid_ensemble
0.2-0.3,13,0.24968372243847436,0.0,scaffold_identity,2,logistic_sigmoid_ensemble
0.3-0.4,6,0.3526429445777541,0.5,scaffold_identity,2,logistic_sigmoid_ensemble
0.4-0.5,2,0.4611916043035531,0.5,scaffold_identity,2,logistic_sigmoid_ensemble
0.5-0.6,1,0.5998000398997512,0.0,scaffold_identity,2,logistic_sigmoid_ensemble
0.6-0.7,3,0.6592353702468602,0.6666666666666666,scaffold_identity,2,logistic_sigmoid_ensemble
0.7-0.8,4,0.7661852984250901,0.75,scaffold_identity,2,logistic_sigmoid_ensemble
0.8-0.9,2,0.8549186753694533,1.0,scaffold_identity,2,logistic_sigmoid_ensemble
0.9-1.0,0,,,scaffold_identity,2,logistic_sigmoid_ensemble
0.0-0.1,378,0.06076618229854691,0.10052910052910052,scaffold_identity,3,prior
0.1-0.2,0,,,scaffold_identity,3,prior
0.2-0.3,0,,,scaffold_identity,3,prior
0.3-0.4,0,,,scaffold_identity,3,prior
0.4-0.5,0,,,scaffold_identity,3,prior
0.5-0.6,0,,,scaffold_identity,3,prior
0.6-0.7,0,,,scaffold_identity,3,prior
0.7-0.8,0,,,scaffold_identity,3,prior
0.8-0.9,0,,,scaffold_identity,3,prior
0.9-1.0,0,,,scaffold_identity,3,prior
0.0-0.1,340,0.003460566376718182,0.041176470588235294,scaffold_identity,3,lgbm_raw_single
0.1-0.2,3,0.14617786344620576,0.3333333333333333,scaffold_identity,3,lgbm_raw_single
0.2-0.3,4,0.22268729710295063,0.0,scaffold_identity,3,lgbm_raw_single
0.3-0.4,5,0.32926420728175776,0.4,scaffold_identity,3,lgbm_raw_single
0.4-0.5,2,0.4313005518929646,1.0,scaffold_identity,3,lgbm_raw_single
0.5-0.6,1,0.5321241091062319,1.0,scaffold_identity,3,lgbm_raw_single
0.6-0.7,2,0.6849305430163954,0.5,scaffold_identity,3,lgbm_raw_single
0.7-0.8,1,0.7356140540827865,0.0,scaffold_identity,3,lgbm_raw_single
0.8-0.9,4,0.8527787371935597,0.5,scaffold_identity,3,lgbm_raw_single
0.9-1.0,16,0.9880965859755944,0.9375,scaffold_identity,3,lgbm_raw_single
0.0-0.1,343,0.00281774387738123,0.043731778425655975,scaffold_identity,3,lgbm_raw_ensemble
0.1-0.2,7,0.14378600442848113,0.14285714285714285,scaffold_identity,3,lgbm_raw_ensemble
0.2-0.3,2,0.2156399776040113,0.5,scaffold_identity,3,lgbm_raw_ensemble
0.3-0.4,6,0.34921019786729374,0.5,scaffold_identity,3,lgbm_raw_ensemble
0.4-0.5,3,0.4414537729954986,1.0,scaffold_identity,3,lgbm_raw_ensemble
0.5-0.6,4,0.5658125949500681,0.5,scaffold_identity,3,lgbm_raw_ensemble
0.6-0.7,6,0.6623630992085684,1.0,scaffold_identity,3,lgbm_raw_ensemble
0.7-0.8,2,0.7529732274853418,1.0,scaffold_identity,3,lgbm_raw_ensemble
0.8-0.9,1,0.8049393838889772,1.0,scaffold_identity,3,lgbm_raw_ensemble
0.9-1.0,4,0.9662586631941728,1.0,scaffold_identity,3,lgbm_raw_ensemble
0.0-0.1,302,0.03713855044806881,0.029801324503311258,scaffold_identity,3,lgbm_sigmoid_ensemble
0.1-0.2,45,0.14040791769977734,0.13333333333333333,scaffold_identity,3,lgbm_sigmoid_ensemble
0.2-0.3,13,0.2553549219182228,0.5384615384615384,scaffold_identity,3,lgbm_sigmoid_ensemble
0.3-0.4,6,0.34369799092730696,0.6666666666666666,scaffold_identity,3,lgbm_sigmoid_ensemble
0.4-0.5,3,0.488570746716362,1.0,scaffold_identity,3,lgbm_sigmoid_ensemble
0.5-0.6,3,0.5610398029378271,1.0,scaffold_identity,3,lgbm_sigmoid_ensemble
0.6-0.7,4,0.6588044502673658,1.0,scaffold_identity,3,lgbm_sigmoid_ensemble
0.7-0.8,0,,,scaffold_identity,3,lgbm_sigmoid_ensemble
0.8-0.9,2,0.8367898197963585,1.0,scaffold_identity,3,lgbm_sigmoid_ensemble
0.9-1.0,0,,,scaffold_identity,3,lgbm_sigmoid_ensemble
0.0-0.1,253,0.021852726312136802,0.023715415019762844,scaffold_identity,3,logistic_raw_ensemble
0.1-0.2,44,0.14042671381489466,0.06818181818181818,scaffold_identity,3,logistic_raw_ensemble
0.2-0.3,29,0.25002132434519964,0.2413793103448276,scaffold_identity,3,logistic_raw_ensemble
0.3-0.4,15,0.353610829629729,0.2,scaffold_identity,3,logistic_raw_ensemble
0.4-0.5,9,0.45649260294635113,0.3333333333333333,scaffold_identity,3,logistic_raw_ensemble
0.5-0.6,11,0.5476358290043847,0.18181818181818182,scaffold_identity,3,logistic_raw_ensemble
0.6-0.7,6,0.6590695524177356,0.6666666666666666,scaffold_identity,3,logistic_raw_ensemble
0.7-0.8,3,0.7491435946032045,0.6666666666666666,scaffold_identity,3,logistic_raw_ensemble
0.8-0.9,2,0.8254987796548163,1.0,scaffold_identity,3,logistic_raw_ensemble
0.9-1.0,6,0.9501519052018587,1.0,scaffold_identity,3,logistic_raw_ensemble
0.0-0.1,293,0.035396900668111755,0.030716723549488054,scaffold_identity,3,logistic_sigmoid_ensemble
0.1-0.2,57,0.13517021210199195,0.22807017543859648,scaffold_identity,3,logistic_sigmoid_ensemble
0.2-0.3,16,0.23287304096696762,0.3125,scaffold_identity,3,logistic_sigmoid_ensemble
0.3-0.4,3,0.35881296450681016,1.0,scaffold_identity,3,logistic_sigmoid_ensemble
0.4-0.5,3,0.4353250653452713,0.6666666666666666,scaffold_identity,3,logistic_sigmoid_ensemble
0.5-0.6,6,0.5458993235520725,1.0,scaffold_identity,3,logistic_sigmoid_ensemble
0.6-0.7,0,,,scaffold_identity,3,logistic_sigmoid_ensemble
0.7-0.8,0,,,scaffold_identity,3,logistic_sigmoid_ensemble
0.8-0.9,0,,,scaffold_identity,3,logistic_sigmoid_ensemble
0.9-1.0,0,,,scaffold_identity,3,logistic_sigmoid_ensemble
0.0-0.1,378,0.07001321003963014,0.06349206349206349,scaffold_identity,4,prior
0.1-0.2,0,,,scaffold_identity,4,prior
0.2-0.3,0,,,scaffold_identity,4,prior
0.3-0.4,0,,,scaffold_identity,4,prior
0.4-0.5,0,,,scaffold_identity,4,prior
0.5-0.6,0,,,scaffold_identity,4,prior
0.6-0.7,0,,,scaffold_identity,4,prior
0.7-0.8,0,,,scaffold_identity,4,prior
0.8-0.9,0,,,scaffold_identity,4,prior
0.9-1.0,0,,,scaffold_identity,4,prior
0.0-0.1,361,0.0020580745795195947,0.038781163434903045,scaffold_identity,4,lgbm_raw_single
0.1-0.2,2,0.17223910228499262,0.5,scaffold_identity,4,lgbm_raw_single
0.2-0.3,1,0.25294723398102803,0.0,scaffold_identity,4,lgbm_raw_single
0.3-0.4,1,0.34688049379348834,0.0,scaffold_identity,4,lgbm_raw_single
0.4-0.5,1,0.40940257025659826,0.0,scaffold_identity,4,lgbm_raw_single
0.5-0.6,2,0.5542616615251886,0.5,scaffold_identity,4,lgbm_raw_single
0.6-0.7,0,,,scaffold_identity,4,lgbm_raw_single
0.7-0.8,0,,,scaffold_identity,4,lgbm_raw_single
0.8-0.9,1,0.8164124361434715,0.0,scaffold_identity,4,lgbm_raw_single
0.9-1.0,9,0.9947838099794384,0.8888888888888888,scaffold_identity,4,lgbm_raw_single
0.0-0.1,362,0.0019412955534422337,0.04419889502762431,scaffold_identity,4,lgbm_raw_ensemble
0.1-0.2,3,0.16108650929941298,0.0,scaffold_identity,4,lgbm_raw_ensemble
0.2-0.3,1,0.2376374796411728,0.0,scaffold_identity,4,lgbm_raw_ensemble
0.3-0.4,1,0.3327646175171089,0.0,scaffold_identity,4,lgbm_raw_ensemble
0.4-0.5,2,0.44260840017635417,0.0,scaffold_identity,4,lgbm_raw_ensemble
0.5-0.6,0,,,scaffold_identity,4,lgbm_raw_ensemble
0.6-0.7,1,0.624442144986512,0.0,scaffold_identity,4,lgbm_raw_ensemble
0.7-0.8,0,,,scaffold_identity,4,lgbm_raw_ensemble
0.8-0.9,1,0.8723414833272143,1.0,scaffold_identity,4,lgbm_raw_ensemble
0.9-1.0,7,0.9833949277895694,1.0,scaffold_identity,4,lgbm_raw_ensemble
0.0-0.1,333,0.03403263981857733,0.02702702702702703,scaffold_identity,4,lgbm_sigmoid_ensemble
0.1-0.2,26,0.13617030368619637,0.23076923076923078,scaffold_identity,4,lgbm_sigmoid_ensemble
0.2-0.3,7,0.25039952384336656,0.14285714285714285,scaffold_identity,4,lgbm_sigmoid_ensemble
0.3-0.4,1,0.30890705093192405,0.0,scaffold_identity,4,lgbm_sigmoid_ensemble
0.4-0.5,3,0.4645080936533383,0.0,scaffold_identity,4,lgbm_sigmoid_ensemble
0.5-0.6,0,,,scaffold_identity,4,lgbm_sigmoid_ensemble
0.6-0.7,1,0.6611244163098385,1.0,scaffold_identity,4,lgbm_sigmoid_ensemble
0.7-0.8,4,0.7772685476335647,1.0,scaffold_identity,4,lgbm_sigmoid_ensemble
0.8-0.9,0,,,scaffold_identity,4,lgbm_sigmoid_ensemble
0.9-1.0,3,0.9101573566261032,1.0,scaffold_identity,4,lgbm_sigmoid_ensemble
0.0-0.1,286,0.021632591999780862,0.03146853146853147,scaffold_identity,4,logistic_raw_ensemble
0.1-0.2,44,0.14469689175216505,0.06818181818181818,scaffold_identity,4,logistic_raw_ensemble
0.2-0.3,19,0.2563285685882263,0.0,scaffold_identity,4,logistic_raw_ensemble
0.3-0.4,10,0.34410523084712324,0.3,scaffold_identity,4,logistic_raw_ensemble
0.4-0.5,8,0.4325470207312092,0.125,scaffold_identity,4,logistic_raw_ensemble
0.5-0.6,1,0.5350756361430667,0.0,scaffold_identity,4,logistic_raw_ensemble
0.6-0.7,0,,,scaffold_identity,4,logistic_raw_ensemble
0.7-0.8,3,0.727449494119063,0.3333333333333333,scaffold_identity,4,logistic_raw_ensemble
0.8-0.9,2,0.8457610723031221,1.0,scaffold_identity,4,logistic_raw_ensemble
0.9-1.0,5,0.9632266918205765,1.0,scaffold_identity,4,logistic_raw_ensemble
0.0-0.1,319,0.033780658502470286,0.034482758620689655,scaffold_identity,4,logistic_sigmoid_ensemble
0.1-0.2,43,0.13988963333397833,0.11627906976744186,scaffold_identity,4,logistic_sigmoid_ensemble
0.2-0.3,5,0.2189346446505021,0.0,scaffold_identity,4,logistic_sigmoid_ensemble
0.3-0.4,3,0.34327418841334884,0.3333333333333333,scaffold_identity,4,logistic_sigmoid_ensemble
0.4-0.5,1,0.41937964236813746,1.0,scaffold_identity,4,logistic_sigmoid_ensemble
0.5-0.6,3,0.5419027472002903,0.6666666666666666,scaffold_identity,4,logistic_sigmoid_ensemble
0.6-0.7,2,0.6995432728644055,1.0,scaffold_identity,4,logistic_sigmoid_ensemble
0.7-0.8,2,0.7385169332684196,1.0,scaffold_identity,4,logistic_sigmoid_ensemble
0.8-0.9,0,,,scaffold_identity,4,logistic_sigmoid_ensemble
0.9-1.0,0,,,scaffold_identity,4,logistic_sigmoid_ensemble
0.0-0.1,378,0.06472919418758258,0.08465608465608465,scaffold_acyclic_series_070,0,prior
0.1-0.2,0,,,scaffold_acyclic_series_070,0,prior
0.2-0.3,0,,,scaffold_acyclic_series_070,0,prior
0.3-0.4,0,,,scaffold_acyclic_series_070,0,prior
0.4-0.5,0,,,scaffold_acyclic_series_070,0,prior
0.5-0.6,0,,,scaffold_acyclic_series_070,0,prior
0.6-0.7,0,,,scaffold_acyclic_series_070,0,prior
0.7-0.8,0,,,scaffold_acyclic_series_070,0,prior
0.8-0.9,0,,,scaffold_acyclic_series_070,0,prior
0.9-1.0,0,,,scaffold_acyclic_series_070,0,prior
0.0-0.1,355,0.001545833252739399,0.05352112676056338,scaffold_acyclic_series_070,0,lgbm_raw_single
0.1-0.2,3,0.1316979651514728,0.0,scaffold_acyclic_series_070,0,lgbm_raw_single
0.2-0.3,0,,,scaffold_acyclic_series_070,0,lgbm_raw_single
0.3-0.4,4,0.3260306615240735,0.25,scaffold_acyclic_series_070,0,lgbm_raw_single
0.4-0.5,0,,,scaffold_acyclic_series_070,0,lgbm_raw_single
0.5-0.6,2,0.5149332979315091,0.5,scaffold_acyclic_series_070,0,lgbm_raw_single
0.6-0.7,0,,,scaffold_acyclic_series_070,0,lgbm_raw_single
0.7-0.8,2,0.7742721889663042,1.0,scaffold_acyclic_series_070,0,lgbm_raw_single
0.8-0.9,2,0.8952468556966773,0.5,scaffold_acyclic_series_070,0,lgbm_raw_single
0.9-1.0,10,0.9806049203348607,0.8,scaffold_acyclic_series_070,0,lgbm_raw_single
0.0-0.1,356,0.0018628780350862495,0.056179775280898875,scaffold_acyclic_series_070,0,lgbm_raw_ensemble
0.1-0.2,7,0.16230198711300786,0.2857142857142857,scaffold_acyclic_series_070,0,lgbm_raw_ensemble
0.2-0.3,2,0.21831188950354602,0.0,scaffold_acyclic_series_070,0,lgbm_raw_ensemble
0.3-0.4,1,0.3436109847321187,1.0,scaffold_acyclic_series_070,0,lgbm_raw_ensemble
0.4-0.5,4,0.4784736520190627,0.25,scaffold_acyclic_series_070,0,lgbm_raw_ensemble
0.5-0.6,1,0.5581675048749809,1.0,scaffold_acyclic_series_070,0,lgbm_raw_ensemble
0.6-0.7,2,0.6758280304562543,1.0,scaffold_acyclic_series_070,0,lgbm_raw_ensemble
0.7-0.8,1,0.785722660298247,1.0,scaffold_acyclic_series_070,0,lgbm_raw_ensemble
0.8-0.9,1,0.8708446475570778,1.0,scaffold_acyclic_series_070,0,lgbm_raw_ensemble
0.9-1.0,3,0.9995346499497627,1.0,scaffold_acyclic_series_070,0,lgbm_raw_ensemble
0.0-0.1,326,0.0349080257064898,0.04294478527607362,scaffold_acyclic_series_070,0,lgbm_sigmoid_ensemble
0.1-0.2,29,0.1305942824806874,0.1724137931034483,scaffold_acyclic_series_070,0,lgbm_sigmoid_ensemble
0.2-0.3,10,0.2338917760351027,0.3,scaffold_acyclic_series_070,0,lgbm_sigmoid_ensemble
0.3-0.4,6,0.35409442811308917,0.5,scaffold_acyclic_series_070,0,lgbm_sigmoid_ensemble
0.4-0.5,0,,,scaffold_acyclic_series_070,0,lgbm_sigmoid_ensemble
0.5-0.6,2,0.5712272904983587,1.0,scaffold_acyclic_series_070,0,lgbm_sigmoid_ensemble
0.6-0.7,2,0.6421489672427819,1.0,scaffold_acyclic_series_070,0,lgbm_sigmoid_ensemble
0.7-0.8,1,0.7900800308664162,1.0,scaffold_acyclic_series_070,0,lgbm_sigmoid_ensemble
0.8-0.9,2,0.8269316153778311,1.0,scaffold_acyclic_series_070,0,lgbm_sigmoid_ensemble
0.9-1.0,0,,,scaffold_acyclic_series_070,0,lgbm_sigmoid_ensemble
0.0-0.1,289,0.026765364784693695,0.04844290657439446,scaffold_acyclic_series_070,0,logistic_raw_ensemble
0.1-0.2,42,0.13819216445324395,0.023809523809523808,scaffold_acyclic_series_070,0,logistic_raw_ensemble
0.2-0.3,11,0.24081530646536728,0.09090909090909091,scaffold_acyclic_series_070,0,logistic_raw_ensemble
0.3-0.4,11,0.3513532444278234,0.09090909090909091,scaffold_acyclic_series_070,0,logistic_raw_ensemble
0.4-0.5,5,0.45630113156558016,0.4,scaffold_acyclic_series_070,0,logistic_raw_ensemble
0.5-0.6,7,0.5543633681665864,0.5714285714285714,scaffold_acyclic_series_070,0,logistic_raw_ensemble
0.6-0.7,5,0.6513159714562465,0.4,scaffold_acyclic_series_070,0,logistic_raw_ensemble
0.7-0.8,2,0.7148074852160672,0.5,scaffold_acyclic_series_070,0,logistic_raw_ensemble
0.8-0.9,2,0.8485718648976402,1.0,scaffold_acyclic_series_070,0,logistic_raw_ensemble
0.9-1.0,4,0.9268889434349998,1.0,scaffold_acyclic_series_070,0,logistic_raw_ensemble
0.0-0.1,329,0.03307065396455338,0.04559270516717325,scaffold_acyclic_series_070,0,logistic_sigmoid_ensemble
0.1-0.2,26,0.13954766703786434,0.11538461538461539,scaffold_acyclic_series_070,0,logistic_sigmoid_ensemble
0.2-0.3,11,0.23717140499107517,0.5454545454545454,scaffold_acyclic_series_070,0,logistic_sigmoid_ensemble
0.3-0.4,5,0.32388174926468233,0.2,scaffold_acyclic_series_070,0,logistic_sigmoid_ensemble
0.4-0.5,2,0.4588245570569627,1.0,scaffold_acyclic_series_070,0,logistic_sigmoid_ensemble
0.5-0.6,3,0.5347611897626156,1.0,scaffold_acyclic_series_070,0,logistic_sigmoid_ensemble
0.6-0.7,2,0.6445365526961641,1.0,scaffold_acyclic_series_070,0,logistic_sigmoid_ensemble
0.7-0.8,0,,,scaffold_acyclic_series_070,0,logistic_sigmoid_ensemble
0.8-0.9,0,,,scaffold_acyclic_series_070,0,logistic_sigmoid_ensemble
0.9-1.0,0,,,scaffold_acyclic_series_070,0,logistic_sigmoid_ensemble
0.0-0.1,378,0.06406869220607661,0.0873015873015873,scaffold_acyclic_series_070,1,prior
0.1-0.2,0,,,scaffold_acyclic_series_070,1,prior
0.2-0.3,0,,,scaffold_acyclic_series_070,1,prior
0.3-0.4,0,,,scaffold_acyclic_series_070,1,prior
0.4-0.5,0,,,scaffold_acyclic_series_070,1,prior
0.5-0.6,0,,,scaffold_acyclic_series_070,1,prior
0.6-0.7,0,,,scaffold_acyclic_series_070,1,prior
0.7-0.8,0,,,scaffold_acyclic_series_070,1,prior
0.8-0.9,0,,,scaffold_acyclic_series_070,1,prior
0.9-1.0,0,,,scaffold_acyclic_series_070,1,prior
0.0-0.1,353,0.0021560495163603743,0.05099150141643059,scaffold_acyclic_series_070,1,lgbm_raw_single
0.1-0.2,3,0.142233010972438,0.3333333333333333,scaffold_acyclic_series_070,1,lgbm_raw_single
0.2-0.3,0,,,scaffold_acyclic_series_070,1,lgbm_raw_single
0.3-0.4,0,,,scaffold_acyclic_series_070,1,lgbm_raw_single
0.4-0.5,2,0.4409559301748091,0.0,scaffold_acyclic_series_070,1,lgbm_raw_single
0.5-0.6,1,0.553713681112273,0.0,scaffold_acyclic_series_070,1,lgbm_raw_single
0.6-0.7,1,0.6548595340776178,0.0,scaffold_acyclic_series_070,1,lgbm_raw_single
0.7-0.8,1,0.7172732048634827,0.0,scaffold_acyclic_series_070,1,lgbm_raw_single
0.8-0.9,2,0.8580285383355486,0.5,scaffold_acyclic_series_070,1,lgbm_raw_single
0.9-1.0,15,0.9858710501483015,0.8666666666666667,scaffold_acyclic_series_070,1,lgbm_raw_single
0.0-0.1,351,0.0022651265030196976,0.04843304843304843,scaffold_acyclic_series_070,1,lgbm_raw_ensemble
0.1-0.2,2,0.14369752569807992,0.5,scaffold_acyclic_series_070,1,lgbm_raw_ensemble
0.2-0.3,3,0.2391177174225655,0.3333333333333333,scaffold_acyclic_series_070,1,lgbm_raw_ensemble
0.3-0.4,3,0.3224234815849969,0.3333333333333333,scaffold_acyclic_series_070,1,lgbm_raw_ensemble
0.4-0.5,2,0.4343745877970928,0.0,scaffold_acyclic_series_070,1,lgbm_raw_ensemble
0.5-0.6,1,0.5840357146547833,1.0,scaffold_acyclic_series_070,1,lgbm_raw_ensemble
0.6-0.7,10,0.6602533045199803,0.6,scaffold_acyclic_series_070,1,lgbm_raw_ensemble
0.7-0.8,0,,,scaffold_acyclic_series_070,1,lgbm_raw_ensemble
0.8-0.9,0,,,scaffold_acyclic_series_070,1,lgbm_raw_ensemble
0.9-1.0,6,0.9829002989722299,1.0,scaffold_acyclic_series_070,1,lgbm_raw_ensemble
0.0-0.1,319,0.033968026818823355,0.03761755485893417,scaffold_acyclic_series_070,1,lgbm_sigmoid_ensemble
0.1-0.2,33,0.14026916435428252,0.15151515151515152,scaffold_acyclic_series_070,1,lgbm_sigmoid_ensemble
0.2-0.3,6,0.2553620888284343,0.5,scaffold_acyclic_series_070,1,lgbm_sigmoid_ensemble
0.3-0.4,3,0.35333227069943085,0.0,scaffold_acyclic_series_070,1,lgbm_sigmoid_ensemble
0.4-0.5,2,0.44261234706543634,0.5,scaffold_acyclic_series_070,1,lgbm_sigmoid_ensemble
0.5-0.6,5,0.5325022214959603,0.4,scaffold_acyclic_series_070,1,lgbm_sigmoid_ensemble
0.6-0.7,5,0.6356273488337091,1.0,scaffold_acyclic_series_070,1,lgbm_sigmoid_ensemble
0.7-0.8,2,0.7708962838996313,1.0,scaffold_acyclic_series_070,1,lgbm_sigmoid_ensemble
0.8-0.9,2,0.8262651614656806,1.0,scaffold_acyclic_series_070,1,lgbm_sigmoid_ensemble
0.9-1.0,1,0.9457495973260919,1.0,scaffold_acyclic_series_070,1,lgbm_sigmoid_ensemble
0.0-0.1,265,0.02096137391582698,0.045283018867924525,scaffold_acyclic_series_070,1,logistic_raw_ensemble
0.1-0.2,45,0.14143839790176124,0.022222222222222223,scaffold_acyclic_series_070,1,logistic_raw_ensemble
0.2-0.3,24,0.24418070698348648,0.0,scaffold_acyclic_series_070,1,logistic_raw_ensemble
0.3-0.4,11,0.3495696927551524,0.2727272727272727,scaffold_acyclic_series_070,1,logistic_raw_ensemble
0.4-0.5,6,0.4524179340022197,0.16666666666666666,scaffold_acyclic_series_070,1,logistic_raw_ensemble
0.5-0.6,6,0.5268596060497868,0.3333333333333333,scaffold_acyclic_series_070,1,logistic_raw_ensemble
0.6-0.7,5,0.6736806775338368,0.4,scaffold_acyclic_series_070,1,logistic_raw_ensemble
0.7-0.8,9,0.7536869610102412,0.7777777777777778,scaffold_acyclic_series_070,1,logistic_raw_ensemble
0.8-0.9,2,0.8630125142959528,0.5,scaffold_acyclic_series_070,1,logistic_raw_ensemble
0.9-1.0,5,0.9519457281388843,0.8,scaffold_acyclic_series_070,1,logistic_raw_ensemble
0.0-0.1,303,0.03090491015119041,0.0429042904290429,scaffold_acyclic_series_070,1,logistic_sigmoid_ensemble
0.1-0.2,46,0.13365208230111167,0.06521739130434782,scaffold_acyclic_series_070,1,logistic_sigmoid_ensemble
0.2-0.3,9,0.2355964214479056,0.3333333333333333,scaffold_acyclic_series_070,1,logistic_sigmoid_ensemble
0.3-0.4,8,0.3516257001240296,0.5,scaffold_acyclic_series_070,1,logistic_sigmoid_ensemble
0.4-0.5,7,0.4628183736528548,0.8571428571428571,scaffold_acyclic_series_070,1,logistic_sigmoid_ensemble
0.5-0.6,2,0.5415212791229126,0.5,scaffold_acyclic_series_070,1,logistic_sigmoid_ensemble
0.6-0.7,2,0.6429010087697548,1.0,scaffold_acyclic_series_070,1,logistic_sigmoid_ensemble
0.7-0.8,0,,,scaffold_acyclic_series_070,1,logistic_sigmoid_ensemble
0.8-0.9,1,0.8028272250936298,1.0,scaffold_acyclic_series_070,1,logistic_sigmoid_ensemble
0.9-1.0,0,,,scaffold_acyclic_series_070,1,logistic_sigmoid_ensemble
0.0-0.1,378,0.06472919418758258,0.08465608465608465,scaffold_acyclic_series_070,2,prior
0.1-0.2,0,,,scaffold_acyclic_series_070,2,prior
0.2-0.3,0,,,scaffold_acyclic_series_070,2,prior
0.3-0.4,0,,,scaffold_acyclic_series_070,2,prior
0.4-0.5,0,,,scaffold_acyclic_series_070,2,prior
0.5-0.6,0,,,scaffold_acyclic_series_070,2,prior
0.6-0.7,0,,,scaffold_acyclic_series_070,2,prior
0.7-0.8,0,,,scaffold_acyclic_series_070,2,prior
0.8-0.9,0,,,scaffold_acyclic_series_070,2,prior
0.9-1.0,0,,,scaffold_acyclic_series_070,2,prior
0.0-0.1,353,0.001478307719826322,0.053824362606232294,scaffold_acyclic_series_070,2,lgbm_raw_single
0.1-0.2,6,0.15285666976746315,0.3333333333333333,scaffold_acyclic_series_070,2,lgbm_raw_single
0.2-0.3,4,0.25137659816308905,0.0,scaffold_acyclic_series_070,2,lgbm_raw_single
0.3-0.4,1,0.3025230572334273,0.0,scaffold_acyclic_series_070,2,lgbm_raw_single
0.4-0.5,0,,,scaffold_acyclic_series_070,2,lgbm_raw_single
0.5-0.6,1,0.5224194624058891,1.0,scaffold_acyclic_series_070,2,lgbm_raw_single
0.6-0.7,2,0.6660365579812045,1.0,scaffold_acyclic_series_070,2,lgbm_raw_single
0.7-0.8,1,0.723459529837734,1.0,scaffold_acyclic_series_070,2,lgbm_raw_single
0.8-0.9,2,0.8647501948763159,0.5,scaffold_acyclic_series_070,2,lgbm_raw_single
0.9-1.0,8,0.9721770138797579,0.75,scaffold_acyclic_series_070,2,lgbm_raw_single
0.0-0.1,353,0.0015732116364965303,0.056657223796033995,scaffold_acyclic_series_070,2,lgbm_raw_ensemble
0.1-0.2,6,0.13021212301719368,0.16666666666666666,scaffold_acyclic_series_070,2,lgbm_raw_ensemble
0.2-0.3,1,0.2387986426961801,1.0,scaffold_acyclic_series_070,2,lgbm_raw_ensemble
0.3-0.4,5,0.33596776471499,0.4,scaffold_acyclic_series_070,2,lgbm_raw_ensemble
0.4-0.5,4,0.4522929189331415,0.25,scaffold_acyclic_series_070,2,lgbm_raw_ensemble
0.5-0.6,1,0.5078350463072504,1.0,scaffold_acyclic_series_070,2,lgbm_raw_ensemble
0.6-0.7,4,0.6654704189684381,0.75,scaffold_acyclic_series_070,2,lgbm_raw_ensemble
0.7-0.8,1,0.7611478749740138,0.0,scaffold_acyclic_series_070,2,lgbm_raw_ensemble
0.8-0.9,0,,,scaffold_acyclic_series_070,2,lgbm_raw_ensemble
0.9-1.0,3,0.9371424118815136,1.0,scaffold_acyclic_series_070,2,lgbm_raw_ensemble
0.0-0.1,319,0.036616652471098604,0.04075235109717868,scaffold_acyclic_series_070,2,lgbm_sigmoid_ensemble
0.1-0.2,34,0.131363825697579,0.17647058823529413,scaffold_acyclic_series_070,2,lgbm_sigmoid_ensemble
0.2-0.3,10,0.2343190918424754,0.4,scaffold_acyclic_series_070,2,lgbm_sigmoid_ensemble
0.3-0.4,6,0.3408632061755186,0.3333333333333333,scaffold_acyclic_series_070,2,lgbm_sigmoid_ensemble
0.4-0.5,4,0.46626492447980394,0.75,scaffold_acyclic_series_070,2,lgbm_sigmoid_ensemble
0.5-0.6,1,0.5147932706243263,1.0,scaffold_acyclic_series_070,2,lgbm_sigmoid_ensemble
0.6-0.7,1,0.6094047768732457,0.0,scaffold_acyclic_series_070,2,lgbm_sigmoid_ensemble
0.7-0.8,3,0.7524055981883153,1.0,scaffold_acyclic_series_070,2,lgbm_sigmoid_ensemble
0.8-0.9,0,,,scaffold_acyclic_series_070,2,lgbm_sigmoid_ensemble
0.9-1.0,0,,,scaffold_acyclic_series_070,2,lgbm_sigmoid_ensemble
0.0-0.1,281,0.027373995553650853,0.03914590747330961,scaffold_acyclic_series_070,2,logistic_raw_ensemble
0.1-0.2,39,0.134629161317717,0.07692307692307693,scaffold_acyclic_series_070,2,logistic_raw_ensemble
0.2-0.3,16,0.2629881324598584,0.125,scaffold_acyclic_series_070,2,logistic_raw_ensemble
0.3-0.4,17,0.3506240631656709,0.29411764705882354,scaffold_acyclic_series_070,2,logistic_raw_ensemble
0.4-0.5,8,0.44856641626026905,0.375,scaffold_acyclic_series_070,2,logistic_raw_ensemble
0.5-0.6,4,0.5555708954424009,0.0,scaffold_acyclic_series_070,2,logistic_raw_ensemble
0.6-0.7,3,0.6755578529132015,1.0,scaffold_acyclic_series_070,2,logistic_raw_ensemble
0.7-0.8,4,0.735399234759475,0.5,scaffold_acyclic_series_070,2,logistic_raw_ensemble
0.8-0.9,2,0.8204179200963183,0.5,scaffold_acyclic_series_070,2,logistic_raw_ensemble
0.9-1.0,4,0.9486154743482494,0.5,scaffold_acyclic_series_070,2,logistic_raw_ensemble
0.0-0.1,316,0.037188576744407176,0.04430379746835443,scaffold_acyclic_series_070,2,logistic_sigmoid_ensemble
0.1-0.2,42,0.14501774278012608,0.21428571428571427,scaffold_acyclic_series_070,2,logistic_sigmoid_ensemble
0.2-0.3,8,0.23933145077810442,0.25,scaffold_acyclic_series_070,2,logistic_sigmoid_ensemble
0.3-0.4,5,0.3464726581472115,0.4,scaffold_acyclic_series_070,2,logistic_sigmoid_ensemble
0.4-0.5,1,0.4005746881019074,1.0,scaffold_acyclic_series_070,2,logistic_sigmoid_ensemble
0.5-0.6,3,0.5421688597432962,1.0,scaffold_acyclic_series_070,2,logistic_sigmoid_ensemble
0.6-0.7,3,0.6272006630695507,0.3333333333333333,scaffold_acyclic_series_070,2,logistic_sigmoid_ensemble
0.7-0.8,0,,,scaffold_acyclic_series_070,2,logistic_sigmoid_ensemble
0.8-0.9,0,,,scaffold_acyclic_series_070,2,logistic_sigmoid_ensemble
0.9-1.0,0,,,scaffold_acyclic_series_070,2,logistic_sigmoid_ensemble
0.0-0.1,378,0.06935270805812419,0.06613756613756613,scaffold_acyclic_series_070,3,prior
0.1-0.2,0,,,scaffold_acyclic_series_070,3,prior
0.2-0.3,0,,,scaffold_acyclic_series_070,3,prior
0.3-0.4,0,,,scaffold_acyclic_series_070,3,prior
0.4-0.5,0,,,scaffold_acyclic_series_070,3,prior
0.5-0.6,0,,,scaffold_acyclic_series_070,3,prior
0.6-0.7,0,,,scaffold_acyclic_series_070,3,prior
0.7-0.8,0,,,scaffold_acyclic_series_070,3,prior
0.8-0.9,0,,,scaffold_acyclic_series_070,3,prior
0.9-1.0,0,,,scaffold_acyclic_series_070,3,prior
0.0-0.1,356,0.0021466151597074996,0.042134831460674156,scaffold_acyclic_series_070,3,lgbm_raw_single
0.1-0.2,4,0.16177156182575358,0.5,scaffold_acyclic_series_070,3,lgbm_raw_single
0.2-0.3,0,,,scaffold_acyclic_series_070,3,lgbm_raw_single
0.3-0.4,1,0.33622751655097766,0.0,scaffold_acyclic_series_070,3,lgbm_raw_single
0.4-0.5,2,0.45195622620483933,0.0,scaffold_acyclic_series_070,3,lgbm_raw_single
0.5-0.6,1,0.5731800114247191,0.0,scaffold_acyclic_series_070,3,lgbm_raw_single
0.6-0.7,1,0.685632485779858,0.0,scaffold_acyclic_series_070,3,lgbm_raw_single
0.7-0.8,2,0.7653273514916819,1.0,scaffold_acyclic_series_070,3,lgbm_raw_single
0.8-0.9,2,0.830512206954499,1.0,scaffold_acyclic_series_070,3,lgbm_raw_single
0.9-1.0,9,0.9751772236220453,0.4444444444444444,scaffold_acyclic_series_070,3,lgbm_raw_single
0.0-0.1,347,0.0020464189307000127,0.04610951008645533,scaffold_acyclic_series_070,3,lgbm_raw_ensemble
0.1-0.2,8,0.12434718463988716,0.0,scaffold_acyclic_series_070,3,lgbm_raw_ensemble
0.2-0.3,5,0.2176831491225119,0.2,scaffold_acyclic_series_070,3,lgbm_raw_ensemble
0.3-0.4,4,0.3309377081487662,0.25,scaffold_acyclic_series_070,3,lgbm_raw_ensemble
0.4-0.5,2,0.4097112644371547,0.5,scaffold_acyclic_series_070,3,lgbm_raw_ensemble
0.5-0.6,3,0.5362937117145729,0.6666666666666666,scaffold_acyclic_series_070,3,lgbm_raw_ensemble
0.6-0.7,6,0.648196318062363,0.16666666666666666,scaffold_acyclic_series_070,3,lgbm_raw_ensemble
0.7-0.8,0,,,scaffold_acyclic_series_070,3,lgbm_raw_ensemble
0.8-0.9,0,,,scaffold_acyclic_series_070,3,lgbm_raw_ensemble
0.9-1.0,3,0.9987154823364034,1.0,scaffold_acyclic_series_070,3,lgbm_raw_ensemble
0.0-0.1,328,0.033473766361876524,0.039634146341463415,scaffold_acyclic_series_070,3,lgbm_sigmoid_ensemble
0.1-0.2,27,0.1418051212139193,0.1111111111111111,scaffold_acyclic_series_070,3,lgbm_sigmoid_ensemble
0.2-0.3,9,0.23010238314498757,0.2222222222222222,scaffold_acyclic_series_070,3,lgbm_sigmoid_ensemble
0.3-0.4,7,0.3487869296374594,0.5714285714285714,scaffold_acyclic_series_070,3,lgbm_sigmoid_ensemble
0.4-0.5,4,0.46315940270796147,0.0,scaffold_acyclic_series_070,3,lgbm_sigmoid_ensemble
0.5-0.6,0,,,scaffold_acyclic_series_070,3,lgbm_sigmoid_ensemble
0.6-0.7,0,,,scaffold_acyclic_series_070,3,lgbm_sigmoid_ensemble
0.7-0.8,1,0.7818921039889911,1.0,scaffold_acyclic_series_070,3,lgbm_sigmoid_ensemble
0.8-0.9,2,0.841679472413486,1.0,scaffold_acyclic_series_070,3,lgbm_sigmoid_ensemble
0.9-1.0,0,,,scaffold_acyclic_series_070,3,lgbm_sigmoid_ensemble
0.0-0.1,271,0.024024869152403382,0.033210332103321034,scaffold_acyclic_series_070,3,logistic_raw_ensemble
0.1-0.2,45,0.1488004061117121,0.044444444444444446,scaffold_acyclic_series_070,3,logistic_raw_ensemble
0.2-0.3,21,0.23658765253495379,0.09523809523809523,scaffold_acyclic_series_070,3,logistic_raw_ensemble
0.3-0.4,12,0.34446654638253876,0.25,scaffold_acyclic_series_070,3,logistic_raw_ensemble
0.4-0.5,3,0.4176987097398099,0.3333333333333333,scaffold_acyclic_series_070,3,logistic_raw_ensemble
0.5-0.6,8,0.5406061273422893,0.125,scaffold_acyclic_series_070,3,logistic_raw_ensemble
0.6-0.7,8,0.657529104841355,0.25,scaffold_acyclic_series_070,3,logistic_raw_ensemble
0.7-0.8,6,0.7253543453382418,0.3333333333333333,scaffold_acyclic_series_070,3,logistic_raw_ensemble
0.8-0.9,3,0.8541385470816887,0.6666666666666666,scaffold_acyclic_series_070,3,logistic_raw_ensemble
0.9-1.0,1,0.979127564190827,1.0,scaffold_acyclic_series_070,3,logistic_raw_ensemble
0.0-0.1,320,0.03658663055677015,0.034375,scaffold_acyclic_series_070,3,logistic_sigmoid_ensemble
0.1-0.2,37,0.13455504725182363,0.1891891891891892,scaffold_acyclic_series_070,3,logistic_sigmoid_ensemble
0.2-0.3,14,0.2535076944607699,0.21428571428571427,scaffold_acyclic_series_070,3,logistic_sigmoid_ensemble
0.3-0.4,4,0.358518363333656,0.5,scaffold_acyclic_series_070,3,logistic_sigmoid_ensemble
0.4-0.5,2,0.4436208673116715,0.5,scaffold_acyclic_series_070,3,logistic_sigmoid_ensemble
0.5-0.6,1,0.5999465494584658,1.0,scaffold_acyclic_series_070,3,logistic_sigmoid_ensemble
0.6-0.7,0,,,scaffold_acyclic_series_070,3,logistic_sigmoid_ensemble
0.7-0.8,0,,,scaffold_acyclic_series_070,3,logistic_sigmoid_ensemble
0.8-0.9,0,,,scaffold_acyclic_series_070,3,logistic_sigmoid_ensemble
0.9-1.0,0,,,scaffold_acyclic_series_070,3,logistic_sigmoid_ensemble
0.0-0.1,378,0.05944517833553498,0.10582010582010581,scaffold_acyclic_series_070,4,prior
0.1-0.2,0,,,scaffold_acyclic_series_070,4,prior
0.2-0.3,0,,,scaffold_acyclic_series_070,4,prior
0.3-0.4,0,,,scaffold_acyclic_series_070,4,prior
0.4-0.5,0,,,scaffold_acyclic_series_070,4,prior
0.5-0.6,0,,,scaffold_acyclic_series_070,4,prior
0.6-0.7,0,,,scaffold_acyclic_series_070,4,prior
0.7-0.8,0,,,scaffold_acyclic_series_070,4,prior
0.8-0.9,0,,,scaffold_acyclic_series_070,4,prior
0.9-1.0,0,,,scaffold_acyclic_series_070,4,prior
0.0-0.1,363,0.001966613830073583,0.08539944903581267,scaffold_acyclic_series_070,4,lgbm_raw_single
0.1-0.2,2,0.13142852228523066,0.5,scaffold_acyclic_series_070,4,lgbm_raw_single
0.2-0.3,1,0.22171836563152125,0.0,scaffold_acyclic_series_070,4,lgbm_raw_single
0.3-0.4,2,0.3817848119661237,0.0,scaffold_acyclic_series_070,4,lgbm_raw_single
0.4-0.5,3,0.44381056294426496,0.6666666666666666,scaffold_acyclic_series_070,4,lgbm_raw_single
0.5-0.6,2,0.5469487018046681,0.5,scaffold_acyclic_series_070,4,lgbm_raw_single
0.6-0.7,1,0.6365322497451306,1.0,scaffold_acyclic_series_070,4,lgbm_raw_single
0.7-0.8,0,,,scaffold_acyclic_series_070,4,lgbm_raw_single
0.8-0.9,1,0.8294110984776989,1.0,scaffold_acyclic_series_070,4,lgbm_raw_single
0.9-1.0,3,0.9797806468702941,1.0,scaffold_acyclic_series_070,4,lgbm_raw_single
0.0-0.1,359,0.0021654800740316766,0.07799442896935933,scaffold_acyclic_series_070,4,lgbm_raw_ensemble
0.1-0.2,3,0.13198270475682275,0.3333333333333333,scaffold_acyclic_series_070,4,lgbm_raw_ensemble
0.2-0.3,3,0.2490309003089072,0.6666666666666666,scaffold_acyclic_series_070,4,lgbm_raw_ensemble
0.3-0.4,4,0.3448539510144866,0.25,scaffold_acyclic_series_070,4,lgbm_raw_ensemble
0.4-0.5,2,0.4490394899719061,0.5,scaffold_acyclic_series_070,4,lgbm_raw_ensemble
0.5-0.6,3,0.5322453025143296,1.0,scaffold_acyclic_series_070,4,lgbm_raw_ensemble
0.6-0.7,1,0.6396195041137921,1.0,scaffold_acyclic_series_070,4,lgbm_raw_ensemble
0.7-0.8,2,0.7685273843033162,1.0,scaffold_acyclic_series_070,4,lgbm_raw_ensemble
0.8-0.9,0,,,scaffold_acyclic_series_070,4,lgbm_raw_ensemble
0.9-1.0,1,0.9960114363734106,1.0,scaffold_acyclic_series_070,4,lgbm_raw_ensemble
0.0-0.1,332,0.031608411122702455,0.06927710843373494,scaffold_acyclic_series_070,4,lgbm_sigmoid_ensemble
0.1-0.2,25,0.13445848547713435,0.16,scaffold_acyclic_series_070,4,lgbm_sigmoid_ensemble
0.2-0.3,9,0.24404504987163872,0.4444444444444444,scaffold_acyclic_series_070,4,lgbm_sigmoid_ensemble
0.3-0.4,8,0.3417976486515115,0.625,scaffold_acyclic_series_070,4,lgbm_sigmoid_ensemble
0.4-0.5,2,0.48863639902617023,1.0,scaffold_acyclic_series_070,4,lgbm_sigmoid_ensemble
0.5-0.6,0,,,scaffold_acyclic_series_070,4,lgbm_sigmoid_ensemble
0.6-0.7,1,0.6292868977929719,1.0,scaffold_acyclic_series_070,4,lgbm_sigmoid_ensemble
0.7-0.8,1,0.7906916126049558,1.0,scaffold_acyclic_series_070,4,lgbm_sigmoid_ensemble
0.8-0.9,0,,,scaffold_acyclic_series_070,4,lgbm_sigmoid_ensemble
0.9-1.0,0,,,scaffold_acyclic_series_070,4,lgbm_sigmoid_ensemble
0.0-0.1,267,0.02548429192381756,0.07116104868913857,scaffold_acyclic_series_070,4,logistic_raw_ensemble
0.1-0.2,55,0.13888538152235516,0.07272727272727272,scaffold_acyclic_series_070,4,logistic_raw_ensemble
0.2-0.3,19,0.2506572581170081,0.10526315789473684,scaffold_acyclic_series_070,4,logistic_raw_ensemble
0.3-0.4,12,0.3451394569407018,0.25,scaffold_acyclic_series_070,4,logistic_raw_ensemble
0.4-0.5,10,0.4288503961084865,0.2,scaffold_acyclic_series_070,4,logistic_raw_ensemble
0.5-0.6,6,0.5603500895878532,0.6666666666666666,scaffold_acyclic_series_070,4,logistic_raw_ensemble
0.6-0.7,3,0.6471478957805528,0.3333333333333333,scaffold_acyclic_series_070,4,logistic_raw_ensemble
0.7-0.8,2,0.7255719327509086,1.0,scaffold_acyclic_series_070,4,logistic_raw_ensemble
0.8-0.9,1,0.8545725152680171,1.0,scaffold_acyclic_series_070,4,logistic_raw_ensemble
0.9-1.0,3,0.9248188704952116,0.6666666666666666,scaffold_acyclic_series_070,4,logistic_raw_ensemble
0.0-0.1,323,0.03223654853721955,0.07120743034055728,scaffold_acyclic_series_070,4,logistic_sigmoid_ensemble
0.1-0.2,39,0.14330758475592995,0.15384615384615385,scaffold_acyclic_series_070,4,logistic_sigmoid_ensemble
0.2-0.3,6,0.2507214841502698,0.6666666666666666,scaffold_acyclic_series_070,4,logistic_sigmoid_ensemble
0.3-0.4,6,0.3699234671150118,0.6666666666666666,scaffold_acyclic_series_070,4,logistic_sigmoid_ensemble
0.4-0.5,1,0.44847253709515505,1.0,scaffold_acyclic_series_070,4,logistic_sigmoid_ensemble
0.5-0.6,2,0.5523223352441176,0.5,scaffold_acyclic_series_070,4,logistic_sigmoid_ensemble
0.6-0.7,1,0.6129806122522224,1.0,scaffold_acyclic_series_070,4,logistic_sigmoid_ensemble
0.7-0.8,0,,,scaffold_acyclic_series_070,4,logistic_sigmoid_ensemble
0.8-0.9,0,,,scaffold_acyclic_series_070,4,logistic_sigmoid_ensemble
0.9-1.0,0,,,scaffold_acyclic_series_070,4,logistic_sigmoid_ensemble
