protocol,seed,chosen_cutoff,selection_scope,coverage,n_test,pos_test,prevalence,pr_auc,roc_auc,brier,log_loss,ece
scaffold_identity,0,0.4,outer training OOF only,0.5952380952380952,225,16,0.07111111111111111,0.8020884225783336,0.9061004784688995,0.02491431703919507,0.11203646823278426,0.025850412653435444
scaffold_identity,1,0.4,outer training OOF only,0.6137566137566137,232,9,0.03879310344827586,0.7191798941798944,0.9576482311908321,0.02009323571652763,0.09110541794168224,0.03818887143185161
scaffold_identity,2,0.4,outer training OOF only,0.6164021164021164,233,16,0.06866952789699571,0.6962660391553791,0.880184331797235,0.03338601173371812,0.14100112439930437,0.025854998014017777
scaffold_identity,3,0.4,outer training OOF only,0.6534391534391535,247,28,0.11336032388663968,0.7598502918013131,0.9034572733202871,0.05949620314077309,0.214974815927485,0.03567282281313351
scaffold_identity,4,0.3,outer training OOF only,0.8465608465608465,320,17,0.053125,0.583740690347752,0.871869539895166,0.02937493837690518,0.12757330051446894,0.01780454667110621
scaffold_acyclic_series_070,0,0.4,outer training OOF only,0.5925925925925926,224,15,0.06696428571428571,0.7349940437686743,0.8631578947368421,0.03252714799136252,0.13743693458349765,0.02746011107493953
scaffold_acyclic_series_070,1,0.4,outer training OOF only,0.626984126984127,237,16,0.06751054852320675,0.830696832706096,0.9343891402714932,0.026071103444312536,0.11161168252232535,0.040746303681734417
scaffold_acyclic_series_070,2,0.4,outer training OOF only,0.5634920634920635,213,13,0.06103286384976526,0.631186693972436,0.9184615384615384,0.03534509897801277,0.13725735192917723,0.033075137523823406
scaffold_acyclic_series_070,3,0.4,outer training OOF only,0.6402116402116402,242,15,0.06198347107438017,0.499167838493887,0.8672540381791483,0.04204805928186189,0.16275003629091125,0.013763996010087171
scaffold_acyclic_series_070,4,0.4,outer training OOF only,0.5687830687830688,215,11,0.05116279069767442,0.533237631950355,0.7945632798573976,0.03377804068574819,0.1455671372966658,0.018258807336174004
